ID,state,county,population,start_year,start_month,prior_period_ipc_phase,prior_period_phase3plus_pct,prior_year_cereal_production_tonnes,prior_year_cereal_gap_tonnes,food_insecurity_risk
ID_XAJI0Y,Abyei,Abyei,69160.0,2023,12,Crisis,49.2,12642.311151079137,-4404.321582733813,1
ID_6DPBHS,Abyei,Abyei,70246.0,2024,4,Crisis,30.4,12642.311151079137,-4404.321582733813,1
ID_AHXTHV,Abyei,Abyei,70246.0,2024,9,Crisis,55.5,12642.311151079137,-4404.321582733813,1
ID_3A3ZMF,Central Equatoria,Juba,492966.0,2014,10,Stressed,15.0,19333.526315789477,-44684.97368421053,0
ID_8MDD4V,Central Equatoria,Juba,501659.0,2015,1,Stressed,10.1,19333.526315789477,-44684.97368421053,0
ID_30T9NT,Central Equatoria,Juba,501659.0,2015,4,Stressed,15.0,19333.526315789477,-44684.97368421053,0
ID_3W5UZB,Central Equatoria,Juba,501659.0,2015,5,Stressed,15.0,19333.526315789477,-44684.97368421053,0
ID_IKCIDK,Central Equatoria,Juba,501659.0,2015,8,Stressed,15.0,19333.526315789477,-44684.97368421053,0
ID_WNNHJ7,Central Equatoria,Juba,501659.0,2015,10,Stressed,15.0,19333.526315789477,-44684.97368421053,0
ID_XVG0FN,Central Equatoria,Juba,510352.0,2016,1,Stressed,10.0,14782.0,-55967.0,0
ID_9XUY41,Central Equatoria,Juba,510352.0,2016,4,Stressed,5.1,14782.0,-55967.0,0
ID_IBLJH7,Central Equatoria,Juba,510352.0,2016,5,Stressed,15.1,14782.0,-55967.0,0
ID_5LXO6Q,Central Equatoria,Juba,510352.0,2016,8,Stressed,15.1,14782.0,-55967.0,1
ID_JIUJV6,Central Equatoria,Juba,510352.0,2016,10,Crisis,25.1,14782.0,-55967.0,1
ID_OH9SDB,Central Equatoria,Juba,450985.0,2017,1,Crisis,20.0,18524.0,-58854.0,1
ID_DW2PCN,Central Equatoria,Juba,450985.0,2017,2,Crisis,23.9,18524.0,-58854.0,1
ID_9T84AZ,Central Equatoria,Juba,519046.0,2017,5,Crisis,30.2,18524.0,-58854.0,1
ID_YTJXEP,Central Equatoria,Juba,519046.0,2017,6,Crisis,35.1,18524.0,-58854.0,1
ID_Q85JSG,Central Equatoria,Juba,381092.0,2017,9,Crisis,40.1,18524.0,-58854.0,1
ID_65KXVF,Central Equatoria,Juba,381092.0,2017,10,Crisis,49.9,18524.0,-58854.0,1
ID_1T2TAL,Central Equatoria,Juba,392525.0,2018,1,Crisis,29.9,14352.0,-40602.0,1
ID_A753LC,Central Equatoria,Juba,392525.0,2018,2,Crisis,45.1,14352.0,-40602.0,1
ID_58DRC1,Central Equatoria,Juba,392525.0,2018,5,Crisis,55.0,14352.0,-40602.0,1
ID_1ERTJ5,Central Equatoria,Juba,392525.0,2018,9,Crisis,60.1,14352.0,-40602.0,1
ID_PHT0HL,Central Equatoria,Juba,392525.0,2018,10,Crisis,50.2,14352.0,-40602.0,1
ID_9XPSEI,Central Equatoria,Juba,407323.0,2019,1,Crisis,30.1,11087.0,-45515.0,1
ID_MVIHCW,Central Equatoria,Juba,499538.0,2019,8,Crisis,25.0,11087.0,-45515.0,1
ID_I64CIY,Central Equatoria,Juba,499538.0,2019,9,Crisis,25.0,11087.0,-45515.0,1
ID_HE7UR2,Central Equatoria,Juba,499538.0,2020,1,Crisis,20.0,18408.0,-40328.0,1
ID_3GDPPQ,Central Equatoria,Juba,507180.0,2020,1,Crisis,40.0,18408.0,-40328.0,1
ID_0Y9DOM,Central Equatoria,Juba,499538.0,2020,2,Crisis,19.9,18408.0,-40328.0,1
ID_5IGQPK,Central Equatoria,Juba,499538.0,2020,5,Crisis,45.0,18408.0,-40328.0,1
ID_I7P5TB,Central Equatoria,Juba,522707.0,2022,2,Crisis,50.0,18960.0,6605.0,1
ID_94874F,Central Equatoria,Juba,522707.0,2022,4,Crisis,49.9,18960.0,6605.0,1
ID_RHOCN9,Central Equatoria,Juba,523700.0,2022,10,Crisis,59.9,18960.0,6605.0,1
ID_J2QP89,Central Equatoria,Juba,523700.0,2022,12,Crisis,44.9,18960.0,6605.0,1
ID_UZFK8U,Central Equatoria,Juba,523700.0,2023,4,Crisis,34.9,20953.0,-43230.0,1
ID_T0CVS4,Central Equatoria,Juba,690920.0,2023,9,Crisis,55.0,20953.0,-43230.0,1
ID_F8CGVY,Central Equatoria,Juba,690920.0,2023,12,Crisis,50.1,20953.0,-43230.0,1
ID_IE6IVW,Central Equatoria,Juba,690920.0,2024,4,Crisis,30.0,29143.0,-70488.0,1
ID_PVS7HZ,Central Equatoria,Juba,539411.0,2024,9,Crisis,55.0,29143.0,-70488.0,1
ID_IOYKL1,Central Equatoria,Juba,494684.0,2024,12,Crisis,50.1,29143.0,-70488.0,1
ID_CQ99CH,Central Equatoria,Juba,502326.0,2025,4,Crisis,45.1,27933.0,-49851.0,1
ID_J755NF,Central Equatoria,Kajo Keji,265385.0,2014,10,Minimal,0.0,22843.84210526316,1447.7105263157894,0
ID_4ZW9XA,Central Equatoria,Kajo Keji,270234.0,2015,1,Minimal,0.0,22843.84210526316,1447.7105263157894,0
ID_3KX7EE,Central Equatoria,Kajo Keji,270234.0,2015,4,Minimal,5.2,22843.84210526316,1447.7105263157894,0
ID_DTJVZH,Central Equatoria,Kajo Keji,270234.0,2015,5,Minimal,1.1,22843.84210526316,1447.7105263157894,0
ID_WJR64D,Central Equatoria,Kajo Keji,270234.0,2015,8,Minimal,5.2,22843.84210526316,1447.7105263157894,0
ID_PJA1WJ,Central Equatoria,Kajo Keji,270234.0,2015,10,Stressed,5.2,22843.84210526316,1447.7105263157894,0
ID_0TPAC5,Central Equatoria,Kajo Keji,275083.0,2016,1,Minimal,0.0,52732.0,19290.0,0
ID_6T4UFE,Central Equatoria,Kajo Keji,275083.0,2016,4,Minimal,0.0,52732.0,19290.0,0
ID_L6246H,Central Equatoria,Kajo Keji,275083.0,2016,5,Stressed,14.9,52732.0,19290.0,0
ID_ID25OW,Central Equatoria,Kajo Keji,275083.0,2016,8,Minimal,5.1,52732.0,19290.0,0
ID_F75935,Central Equatoria,Kajo Keji,275083.0,2016,10,Stressed,14.9,52732.0,19290.0,0
ID_A0L725,Central Equatoria,Kajo Keji,243225.0,2017,1,Minimal,5.1,46518.0,13210.0,0
ID_3J2D54,Central Equatoria,Kajo Keji,243225.0,2017,2,Stressed,17.7,46518.0,13210.0,0
ID_I3QK2I,Central Equatoria,Kajo Keji,279931.0,2017,5,Stressed,18.9,46518.0,13210.0,1
ID_AGL58K,Central Equatoria,Kajo Keji,279931.0,2017,6,Crisis,50.0,46518.0,13210.0,1
ID_XO9T7E,Central Equatoria,Kajo Keji,110083.0,2017,9,Emergency,60.0,46518.0,13210.0,1
ID_8G8JDP,Central Equatoria,Kajo Keji,110083.0,2017,10,Emergency,65.4,46518.0,13210.0,1
ID_0LVSNU,Central Equatoria,Kajo Keji,105783.0,2018,1,Emergency,69.9,12041.0,-1565.0,1
ID_JZA7TZ,Central Equatoria,Kajo Keji,105783.0,2018,2,Crisis,50.1,12041.0,-1565.0,1
ID_0YNCXL,Central Equatoria,Kajo Keji,105783.0,2018,5,Crisis,70.0,12041.0,-1565.0,1
ID_L4ZKLO,Central Equatoria,Kajo Keji,105783.0,2018,9,Crisis,74.7,12041.0,-1565.0,1
ID_OKEP7Y,Central Equatoria,Kajo Keji,105783.0,2018,10,Emergency,65.2,12041.0,-1565.0,1
ID_6WKTAK,Central Equatoria,Kajo Keji,109771.0,2019,1,Crisis,65.2,6872.0,-6203.0,1
ID_PUXQPH,Central Equatoria,Kajo Keji,221902.0,2019,8,Crisis,60.1,6872.0,-6203.0,0
ID_R62GDS,Central Equatoria,Kajo Keji,221902.0,2019,9,Stressed,0.0,6872.0,-6203.0,0
ID_WM31YI,Central Equatoria,Kajo Keji,221902.0,2020,1,Stressed,14.9,6418.0,-7150.0,1
ID_HAIR4C,Central Equatoria,Kajo Keji,225933.0,2020,1,Crisis,55.0,6418.0,-7150.0,1
ID_OWGZRI,Central Equatoria,Kajo Keji,221902.0,2020,2,Crisis,24.8,6418.0,-7150.0,1
ID_XA11DP,Central Equatoria,Kajo Keji,221902.0,2020,5,Emergency,64.9,6418.0,-7150.0,1
ID_G8SBI4,Central Equatoria,Kajo Keji,232657.0,2022,2,Crisis,59.9,9727.0,-4667.0,1
ID_Q2Y9V8,Central Equatoria,Kajo Keji,232657.0,2022,4,Crisis,59.7,9727.0,-4667.0,1
ID_6WZS3T,Central Equatoria,Kajo Keji,233099.0,2022,10,Crisis,64.9,9727.0,-4667.0,1
ID_60RJIW,Central Equatoria,Kajo Keji,233099.0,2022,12,Crisis,40.3,9727.0,-4667.0,1
ID_1SWJCK,Central Equatoria,Kajo Keji,233099.0,2023,4,Crisis,35.2,12508.0,-2318.0,1
ID_JLTEIY,Central Equatoria,Kajo Keji,86973.0,2023,9,Crisis,60.1,12508.0,-2318.0,1
ID_ZCOTOH,Central Equatoria,Kajo Keji,86973.0,2023,12,Crisis,55.2,12508.0,-2318.0,1
ID_P6VZ41,Central Equatoria,Kajo Keji,86973.0,2024,4,Crisis,50.6,6746.0,-4004.0,1
ID_NAM148,Central Equatoria,Kajo Keji,240092.0,2024,9,Crisis,59.8,6746.0,-4004.0,1
ID_P0TVHH,Central Equatoria,Kajo Keji,260911.0,2024,12,Crisis,50.0,6746.0,-4004.0,1
ID_PBMYOF,Central Equatoria,Kajo Keji,264942.0,2025,4,Crisis,39.9,23313.0,-6363.0,1
ID_QEWAOU,Central Equatoria,Lainya,143180.0,2014,10,Minimal,0.0,8810.8,-5785.657142857143,0
ID_AXEQBN,Central Equatoria,Lainya,145797.0,2015,1,Minimal,0.0,8810.8,-5785.657142857143,0
ID_HL1N13,Central Equatoria,Lainya,145797.0,2015,4,Minimal,4.8,8810.8,-5785.657142857143,0
ID_JCAT9M,Central Equatoria,Lainya,145797.0,2015,5,Minimal,4.8,8810.8,-5785.657142857143,0
ID_X2X18H,Central Equatoria,Lainya,145797.0,2015,8,Minimal,4.8,8810.8,-5785.657142857143,0
ID_AFEYUH,Central Equatoria,Lainya,145797.0,2015,10,Stressed,15.1,8810.8,-5785.657142857143,0
ID_Z1GV0E,Central Equatoria,Lainya,148413.0,2016,1,Minimal,0.0,25343.0,7406.0,0
ID_38DALY,Central Equatoria,Lainya,148413.0,2016,4,Minimal,0.0,25343.0,7406.0,0
ID_8OZCYW,Central Equatoria,Lainya,148413.0,2016,5,Stressed,14.8,25343.0,7406.0,0
ID_D14VE9,Central Equatoria,Lainya,148413.0,2016,8,Stressed,14.8,25343.0,7406.0,1
ID_2MPNSM,Central Equatoria,Lainya,148413.0,2016,10,Emergency,80.2,25343.0,7406.0,1
ID_43D8W3,Central Equatoria,Lainya,131225.0,2017,1,Emergency,80.2,9667.0,-8677.0,1
ID_ZP08J3,Central Equatoria,Lainya,131225.0,2017,2,Crisis,28.2,9667.0,-8677.0,1
ID_TRP0J4,Central Equatoria,Lainya,151029.0,2017,5,Crisis,29.7,9667.0,-8677.0,1
ID_3D5IQV,Central Equatoria,Lainya,151029.0,2017,6,Emergency,60.3,9667.0,-8677.0,1
ID_NB4GH2,Central Equatoria,Lainya,92545.0,2017,9,Crisis,55.0,9667.0,-8677.0,1
ID_M5ZJA8,Central Equatoria,Lainya,92545.0,2017,10,Emergency,59.4,9667.0,-8677.0,1
ID_DZR1YX,Central Equatoria,Lainya,100263.0,2018,1,Emergency,64.8,4822.0,-6617.0,1
ID_R2DHYL,Central Equatoria,Lainya,100263.0,2018,2,Crisis,69.8,4822.0,-6617.0,1
ID_URTP0L,Central Equatoria,Lainya,100263.0,2018,5,Crisis,69.8,4822.0,-6617.0,1
ID_ZJJEGE,Central Equatoria,Lainya,110282.0,2019,8,Crisis,59.8,2411.0,-9982.0,1
ID_T1GHR0,Central Equatoria,Lainya,110282.0,2019,9,Crisis,35.4,2411.0,-9982.0,1
ID_9SKDGI,Central Equatoria,Lainya,110282.0,2020,1,Crisis,25.4,5337.0,-7523.0,1
ID_GATJ9T,Central Equatoria,Lainya,112115.0,2020,1,Crisis,45.3,5337.0,-7523.0,1
ID_ZE5R5U,Central Equatoria,Lainya,110282.0,2020,2,Crisis,25.0,5337.0,-7523.0,1
ID_QPGB7R,Central Equatoria,Lainya,110282.0,2020,5,Crisis,49.9,5337.0,-7523.0,1
ID_3OCWBF,Central Equatoria,Lainya,113712.0,2022,2,Crisis,55.3,6421.0,-7222.0,1
ID_UK9E1V,Central Equatoria,Lainya,113712.0,2022,4,Crisis,55.4,6421.0,-7222.0,1
ID_2ISQP4,Central Equatoria,Lainya,113928.0,2022,10,Crisis,44.8,6421.0,-7222.0,1
ID_9KWV08,Central Equatoria,Lainya,113928.0,2022,12,Crisis,35.1,6421.0,-7222.0,1
ID_HHXFGC,Central Equatoria,Lainya,113928.0,2023,4,Crisis,29.8,5468.0,-8584.0,1
ID_AQVKIZ,Central Equatoria,Lainya,82153.0,2023,9,Crisis,40.4,5468.0,-8584.0,1
ID_ZQY72W,Central Equatoria,Lainya,82153.0,2023,12,Crisis,54.8,5468.0,-8584.0,1
ID_X7PTX6,Central Equatoria,Lainya,82153.0,2024,4,Crisis,49.9,3890.0,-6264.0,1
ID_3CFL0U,Central Equatoria,Lainya,117346.0,2024,9,Crisis,59.6,3890.0,-6264.0,1
ID_KEYZ7S,Central Equatoria,Lainya,118639.0,2024,12,Crisis,55.4,3890.0,-6264.0,1
ID_RCBPLJ,Central Equatoria,Lainya,120472.0,2025,4,Crisis,44.7,5909.0,-8595.0,1
ID_D84U89,Central Equatoria,Morobo,188324.0,2014,10,Minimal,0.0,17216.81818181818,-887.1515151515151,0
ID_YJB1QX,Central Equatoria,Morobo,191765.0,2015,1,Minimal,0.0,17216.81818181818,-887.1515151515151,0
ID_6GVWRD,Central Equatoria,Morobo,191765.0,2015,4,Minimal,5.2,17216.81818181818,-887.1515151515151,0
ID_MLY4LY,Central Equatoria,Morobo,191765.0,2015,5,Minimal,5.2,17216.81818181818,-887.1515151515151,0
ID_K83TQL,Central Equatoria,Morobo,191765.0,2015,8,Minimal,5.2,17216.81818181818,-887.1515151515151,0
ID_L8OS9X,Central Equatoria,Morobo,191765.0,2015,10,Minimal,0.0,17216.81818181818,-887.1515151515151,0
ID_TOGN1W,Central Equatoria,Morobo,195205.0,2016,1,Minimal,0.0,51140.0,27193.0,0
ID_1HT7PZ,Central Equatoria,Morobo,195205.0,2016,4,Minimal,0.0,51140.0,27193.0,0
ID_E9VIFT,Central Equatoria,Morobo,195205.0,2016,5,Minimal,5.1,51140.0,27193.0,0
ID_TD96QE,Central Equatoria,Morobo,195205.0,2016,8,Minimal,5.1,51140.0,27193.0,0
ID_3RZSJ4,Central Equatoria,Morobo,195205.0,2016,10,Stressed,14.9,51140.0,27193.0,0
ID_9ITN7S,Central Equatoria,Morobo,172598.0,2017,1,Minimal,5.1,12522.0,-11645.0,1
ID_55J2O7,Central Equatoria,Morobo,172598.0,2017,2,Crisis,25.5,12522.0,-11645.0,1
ID_S3KKV9,Central Equatoria,Morobo,198646.0,2017,5,Crisis,26.1,12522.0,-11645.0,1
ID_RFTMTT,Central Equatoria,Morobo,198646.0,2017,6,Crisis,40.3,12522.0,-11645.0,1
ID_QLGZUI,Central Equatoria,Morobo,137869.0,2018,1,Emergency,50.3,7578.0,-10297.0,1
ID_1B0Z3N,Central Equatoria,Morobo,137869.0,2018,2,Crisis,60.2,7578.0,-10297.0,1
ID_X39RBS,Central Equatoria,Morobo,137869.0,2018,5,Crisis,60.2,7578.0,-10297.0,1
ID_V55PSQ,Central Equatoria,Morobo,104106.0,2019,8,Crisis,55.1,6773.0,-10268.0,1
ID_0OXFQ8,Central Equatoria,Morobo,104106.0,2019,9,Crisis,25.0,6773.0,-10268.0,0
ID_MYX444,Central Equatoria,Morobo,104106.0,2020,1,Stressed,15.4,7419.0,-10264.0,1
ID_NLZ15B,Central Equatoria,Morobo,106232.0,2020,1,Crisis,29.8,7419.0,-10264.0,1
ID_CW790P,Central Equatoria,Morobo,104106.0,2020,2,Crisis,30.1,7419.0,-10264.0,1
ID_DW5PY6,Central Equatoria,Morobo,104106.0,2020,5,Crisis,34.6,7419.0,-10264.0,1
ID_B2KNFT,Central Equatoria,Morobo,116016.0,2022,2,Crisis,34.6,11334.0,-7426.0,1
ID_U2GC5W,Central Equatoria,Morobo,116016.0,2022,4,Crisis,44.8,11334.0,-7426.0,1
ID_I6FQJJ,Central Equatoria,Morobo,116237.0,2022,10,Crisis,35.3,11334.0,-7426.0,1
ID_A26YFP,Central Equatoria,Morobo,116237.0,2022,12,Crisis,30.1,11334.0,-7426.0,1
ID_MVXPJ4,Central Equatoria,Morobo,116237.0,2023,4,Crisis,19.8,13691.0,-5632.0,1
ID_HNRIUU,Central Equatoria,Morobo,39642.0,2023,9,Crisis,35.3,13691.0,-5632.0,1
ID_9K9XJU,Central Equatoria,Morobo,39642.0,2023,12,Crisis,50.5,13691.0,-5632.0,1
ID_Y0BVR6,Central Equatoria,Morobo,39642.0,2024,4,Crisis,40.4,5025.0,125.0,1
ID_K2VMWW,Central Equatoria,Morobo,119724.0,2024,9,Crisis,55.5,5025.0,125.0,1
ID_YZX4W6,Central Equatoria,Morobo,137618.0,2024,12,Crisis,45.1,5025.0,125.0,1
ID_XLPU0D,Central Equatoria,Morobo,139744.0,2025,4,Crisis,34.9,17253.0,2455.0,1
ID_K0GET8,Central Equatoria,Terekeka,176029.0,2014,10,Stressed,10.2,11501.714285714286,-12708.342857142858,0
ID_T63J3R,Central Equatoria,Terekeka,179245.0,2015,1,Stressed,5.1,11501.714285714286,-12708.342857142858,0
ID_30ME8F,Central Equatoria,Terekeka,179245.0,2015,4,Stressed,15.1,11501.714285714286,-12708.342857142858,0
ID_840982,Central Equatoria,Terekeka,179245.0,2015,5,Stressed,15.1,11501.714285714286,-12708.342857142858,0
ID_N2ATQY,Central Equatoria,Terekeka,179245.0,2015,8,Stressed,15.1,11501.714285714286,-12708.342857142858,0
ID_YV37DI,Central Equatoria,Terekeka,179245.0,2015,10,Stressed,15.1,11501.714285714286,-12708.342857142858,0
ID_A5U6HC,Central Equatoria,Terekeka,182461.0,2016,1,Minimal,5.0,10618.0,-12796.0,0
ID_36KOF8,Central Equatoria,Terekeka,182461.0,2016,4,Stressed,9.9,10618.0,-12796.0,0
ID_KRD5EQ,Central Equatoria,Terekeka,182461.0,2016,5,Stressed,14.8,10618.0,-12796.0,0
ID_Y08P0F,Central Equatoria,Terekeka,182461.0,2016,8,Stressed,14.8,10618.0,-12796.0,0
ID_ODRO8B,Central Equatoria,Terekeka,182461.0,2016,10,Stressed,14.8,10618.0,-12796.0,0
ID_NP84DY,Central Equatoria,Terekeka,161330.0,2017,1,Minimal,4.9,13122.0,-9382.0,0
ID_T9MOGE,Central Equatoria,Terekeka,161330.0,2017,2,Stressed,14.9,13122.0,-9382.0,0
ID_4QXXVA,Central Equatoria,Terekeka,185677.0,2017,5,Stressed,18.0,13122.0,-9382.0,0
ID_2IEUC1,Central Equatoria,Terekeka,185677.0,2017,6,Stressed,15.1,13122.0,-9382.0,0
ID_HH5LF6,Central Equatoria,Terekeka,157562.0,2017,9,Stressed,10.2,13122.0,-9382.0,1
ID_A4FEJG,Central Equatoria,Terekeka,157562.0,2017,10,Crisis,29.8,13122.0,-9382.0,0
ID_XAA2IL,Central Equatoria,Terekeka,162289.0,2018,1,Stressed,15.2,12617.0,-6858.0,1
ID_GB0S0R,Central Equatoria,Terekeka,162289.0,2018,2,Crisis,59.8,12617.0,-6858.0,1
ID_2SDS8B,Central Equatoria,Terekeka,162289.0,2018,5,Crisis,59.8,12617.0,-6858.0,1
ID_25SQ8C,Central Equatoria,Terekeka,246483.0,2019,8,Crisis,69.6,7797.0,-12262.0,1
ID_ROYR6C,Central Equatoria,Terekeka,246483.0,2019,9,Crisis,45.0,7797.0,-12262.0,1
ID_CVCJWT,Central Equatoria,Terekeka,246483.0,2020,1,Crisis,34.9,15412.0,-5404.0,1
ID_L9TQVD,Central Equatoria,Terekeka,249364.0,2020,1,Crisis,24.7,15412.0,-5404.0,1
ID_Z4X1ZH,Central Equatoria,Terekeka,246483.0,2020,2,Crisis,39.7,15412.0,-5404.0,1
ID_QIMQOD,Central Equatoria,Terekeka,246483.0,2020,5,Crisis,30.0,15412.0,-5404.0,1
ID_PXNF7C,Central Equatoria,Terekeka,258398.0,2022,2,Crisis,40.2,12263.0,-9820.0,1
ID_3DD03U,Central Equatoria,Terekeka,258398.0,2022,4,Crisis,60.0,12263.0,-9820.0,1
ID_VULEMX,Central Equatoria,Terekeka,258889.0,2022,10,Emergency,70.0,12263.0,-9820.0,1
ID_15Z8VM,Central Equatoria,Terekeka,258889.0,2022,12,Crisis,40.2,12263.0,-9820.0,1
ID_UHXID4,Central Equatoria,Terekeka,258889.0,2023,4,Crisis,50.2,16841.0,-5905.0,1
ID_N1U349,Central Equatoria,Terekeka,242991.0,2023,9,Crisis,59.9,16841.0,-5905.0,1
ID_3WXA73,Central Equatoria,Terekeka,242991.0,2023,12,Crisis,44.9,16841.0,-5905.0,1
ID_JGZLMA,Central Equatoria,Terekeka,242991.0,2024,4,Crisis,30.0,5108.0,-24926.0,1
ID_5UOFWB,Central Equatoria,Terekeka,266656.0,2024,9,Crisis,44.9,5108.0,-24926.0,1
ID_0HPMNZ,Central Equatoria,Terekeka,186491.0,2024,12,Crisis,44.6,5108.0,-24926.0,1
ID_1UDBFW,Central Equatoria,Terekeka,189372.0,2025,4,Crisis,35.4,7248.0,-25711.0,1
ID_YJXRPJ,Central Equatoria,Yei,260724.0,2014,10,Minimal,0.0,28975.14285714286,509.8,0
ID_1EPKYR,Central Equatoria,Yei,265487.0,2015,1,Minimal,0.0,28975.14285714286,509.8,0
ID_YBOVAK,Central Equatoria,Yei,265487.0,2015,4,Minimal,4.9,28975.14285714286,509.8,0
ID_HEJLA0,Central Equatoria,Yei,265487.0,2015,5,Minimal,4.9,28975.14285714286,509.8,0
ID_GNZS43,Central Equatoria,Yei,265487.0,2015,8,Minimal,4.9,28975.14285714286,509.8,0
ID_C5BA75,Central Equatoria,Yei,265487.0,2015,10,Minimal,4.9,28975.14285714286,509.8,0
ID_UUZPEA,Central Equatoria,Yei,270251.0,2016,1,Minimal,0.0,62889.0,28775.0,0
ID_L2W37D,Central Equatoria,Yei,270251.0,2016,4,Minimal,5.2,62889.0,28775.0,0
ID_4IVSOL,Central Equatoria,Yei,270251.0,2016,5,Minimal,5.2,62889.0,28775.0,0
ID_MLGSES,Central Equatoria,Yei,270251.0,2016,8,Minimal,5.2,62889.0,28775.0,0
ID_6M033I,Central Equatoria,Yei,270251.0,2016,10,Stressed,15.2,62889.0,28775.0,0
ID_FHV1XG,Central Equatoria,Yei,238951.0,2017,1,Minimal,5.2,19879.0,-13729.0,1
ID_1R11Q7,Central Equatoria,Yei,238951.0,2017,2,Crisis,35.2,19879.0,-13729.0,1
ID_UWW5WF,Central Equatoria,Yei,275013.0,2017,5,Crisis,36.8,19879.0,-13729.0,1
ID_CPKJCS,Central Equatoria,Yei,275013.0,2017,6,Crisis,35.3,19879.0,-13729.0,1
ID_LQC3C5,Central Equatoria,Yei,156760.0,2017,9,Crisis,45.1,19879.0,-13729.0,1
ID_4WSQT2,Central Equatoria,Yei,156760.0,2017,10,Emergency,69.5,19879.0,-13729.0,1
ID_6Q3XLR,Central Equatoria,Yei,161463.0,2018,1,Emergency,74.6,10943.0,-9240.0,1
ID_FCD6MZ,Central Equatoria,Yei,161463.0,2018,2,Crisis,45.2,10943.0,-9240.0,1
ID_SGIPPS,Central Equatoria,Yei,161463.0,2018,5,Crisis,60.1,10943.0,-9240.0,1
ID_FNKOMV,Central Equatoria,Yei,271197.0,2019,8,Crisis,70.0,13972.0,-6816.0,1
ID_2XCDYK,Central Equatoria,Yei,271197.0,2019,9,Crisis,19.9,13972.0,-6816.0,1
ID_0X65MU,Central Equatoria,Yei,271197.0,2020,1,Crisis,19.9,15352.0,-6220.0,1
ID_FM8ZOV,Central Equatoria,Yei,275330.0,2020,1,Crisis,45.0,15352.0,-6220.0,1
ID_7LN23Y,Central Equatoria,Yei,271197.0,2020,2,Crisis,25.1,15352.0,-6220.0,1
ID_30YSXP,Central Equatoria,Yei,271197.0,2020,5,Crisis,50.1,15352.0,-6220.0,1
ID_NNGH8R,Central Equatoria,Yei,302189.0,2022,2,Crisis,45.0,19454.0,-3432.0,1
ID_IEC4D1,Central Equatoria,Yei,302189.0,2022,4,Crisis,45.0,19454.0,-3432.0,1
ID_45BM1E,Central Equatoria,Yei,302763.0,2022,10,Crisis,35.1,19454.0,-3432.0,1
ID_NF313F,Central Equatoria,Yei,302763.0,2022,12,Crisis,35.0,19454.0,-3432.0,1
ID_POYIPK,Central Equatoria,Yei,302763.0,2023,4,Crisis,30.1,21568.0,-2004.0,1
ID_0QTL3Q,Central Equatoria,Yei,181841.0,2023,9,Crisis,44.9,21568.0,-2004.0,1
ID_4N89QK,Central Equatoria,Yei,181841.0,2023,12,Crisis,29.7,21568.0,-2004.0,1
ID_NS832E,Central Equatoria,Yei,181841.0,2024,4,Crisis,29.7,26182.0,2770.0,1
ID_JX5TD4,Central Equatoria,Yei,311846.0,2024,9,Crisis,40.1,26182.0,2770.0,1
ID_4K1J6F,Central Equatoria,Yei,267581.0,2024,12,Crisis,45.2,26182.0,2770.0,1
ID_P8HQMA,Central Equatoria,Yei,271714.0,2025,4,Crisis,29.9,45420.0,5270.0,1
ID_BSI9NB,Eastern Equatoria,Budi,112513.0,2014,10,Minimal,5.3,17338.157894736843,4555.6578947368425,0
ID_74X2EK,Eastern Equatoria,Budi,114569.0,2015,1,Minimal,0.0,17338.157894736843,4555.6578947368425,0
ID_3ZEZQA,Eastern Equatoria,Budi,114569.0,2015,4,Stressed,5.2,17338.157894736843,4555.6578947368425,0
ID_CJ4T0S,Eastern Equatoria,Budi,114569.0,2015,5,Stressed,9.6,17338.157894736843,4555.6578947368425,0
ID_EKKBP2,Eastern Equatoria,Budi,114569.0,2015,8,Stressed,9.6,17338.157894736843,4555.6578947368425,0
ID_QD6VAS,Eastern Equatoria,Budi,114569.0,2015,10,Stressed,14.8,17338.157894736843,4555.6578947368425,0
ID_IFPWIO,Eastern Equatoria,Budi,116625.0,2016,1,Stressed,14.8,16419.0,2527.0,0
ID_XD9CSS,Eastern Equatoria,Budi,116625.0,2016,4,Stressed,14.6,16419.0,2527.0,1
ID_9TOQW9,Eastern Equatoria,Budi,116625.0,2016,5,Crisis,24.9,16419.0,2527.0,1
ID_JA2M0W,Eastern Equatoria,Budi,116625.0,2016,8,Crisis,45.4,16419.0,2527.0,0
ID_10LBT3,Eastern Equatoria,Budi,116625.0,2016,10,Stressed,14.6,16419.0,2527.0,0
ID_G2QZW3,Eastern Equatoria,Budi,103118.0,2017,1,Stressed,5.1,15258.0,1589.0,0
ID_C1QKBH,Eastern Equatoria,Budi,103118.0,2017,2,Stressed,9.7,15258.0,1589.0,1
ID_B7S9TJ,Eastern Equatoria,Budi,118680.0,2017,5,Crisis,19.4,15258.0,1589.0,1
ID_1GM25L,Eastern Equatoria,Budi,118680.0,2017,6,Crisis,35.4,15258.0,1589.0,1
ID_EN606N,Eastern Equatoria,Budi,90800.0,2017,9,Crisis,30.3,15258.0,1589.0,1
ID_9RR7S2,Eastern Equatoria,Budi,90800.0,2017,10,Emergency,59.5,15258.0,1589.0,1
ID_0CV3TL,Eastern Equatoria,Budi,93524.0,2018,1,Crisis,55.1,13781.0,2558.0,0
ID_CXLVPY,Eastern Equatoria,Budi,93524.0,2018,2,Stressed,15.0,13781.0,2558.0,1
ID_MB5M9J,Eastern Equatoria,Budi,93524.0,2018,5,Crisis,25.7,13781.0,2558.0,1
ID_98CWN2,Eastern Equatoria,Budi,93524.0,2018,9,Crisis,44.9,13781.0,2558.0,1
ID_Y8FV2B,Eastern Equatoria,Budi,93524.0,2018,10,Emergency,55.6,13781.0,2558.0,1
ID_C2NNUV,Eastern Equatoria,Budi,97050.0,2019,1,Crisis,44.9,13441.0,1881.0,1
ID_Y8N1UT,Eastern Equatoria,Budi,99242.0,2019,8,Crisis,35.0,13441.0,1881.0,1
ID_OXIE0R,Eastern Equatoria,Budi,99242.0,2019,9,Emergency,80.6,13441.0,1881.0,1
ID_NUJJQ9,Eastern Equatoria,Budi,99242.0,2020,1,Crisis,70.5,18132.0,6137.0,1
ID_K6RE4Q,Eastern Equatoria,Budi,101278.0,2020,1,Crisis,35.3,18132.0,6137.0,1
ID_6QDY4L,Eastern Equatoria,Budi,99242.0,2020,2,Emergency,80.0,18132.0,6137.0,1
ID_MCT64Z,Eastern Equatoria,Budi,99242.0,2020,5,Crisis,40.3,18132.0,6137.0,1
ID_7W2SEH,Eastern Equatoria,Budi,104787.0,2022,2,Crisis,45.3,17757.0,5031.0,1
ID_E2ATN2,Eastern Equatoria,Budi,104787.0,2022,4,Crisis,50.6,17757.0,5031.0,1
ID_TWDL9Z,Eastern Equatoria,Budi,104986.0,2022,10,Crisis,39.1,17757.0,5031.0,1
ID_S13C9X,Eastern Equatoria,Budi,104986.0,2022,12,Crisis,55.2,17757.0,5031.0,1
ID_QYM52X,Eastern Equatoria,Budi,104986.0,2023,4,Crisis,55.2,19814.0,6706.0,1
ID_G8P6BE,Eastern Equatoria,Budi,101473.0,2023,9,Emergency,64.8,19814.0,6706.0,1
ID_FFLZM7,Eastern Equatoria,Budi,101473.0,2023,12,Crisis,44.3,19814.0,6706.0,1
ID_64JWTE,Eastern Equatoria,Budi,101473.0,2024,4,Crisis,45.3,19985.0,7443.0,1
ID_KTSG7F,Eastern Equatoria,Budi,108136.0,2024,9,Emergency,55.2,19985.0,7443.0,1
ID_XZV4U3,Eastern Equatoria,Budi,131768.0,2024,12,Crisis,35.1,19985.0,7443.0,1
ID_BBXUX1,Eastern Equatoria,Budi,133804.0,2025,4,Emergency,50.1,22628.0,9262.0,1
ID_OXRWK8,Eastern Equatoria,Ikotos,127233.0,2014,10,Minimal,4.7,19551.13157894737,3837.447368421053,0
ID_R2YKCC,Eastern Equatoria,Ikotos,129557.0,2015,1,Minimal,4.7,19551.13157894737,3837.447368421053,0
ID_PRHVLZ,Eastern Equatoria,Ikotos,129557.0,2015,4,Minimal,4.6,19551.13157894737,3837.447368421053,0
ID_049ENU,Eastern Equatoria,Ikotos,129557.0,2015,5,Stressed,3.1,19551.13157894737,3837.447368421053,0
ID_LQJIDK,Eastern Equatoria,Ikotos,129557.0,2015,8,Stressed,3.1,19551.13157894737,3837.447368421053,0
ID_NWI5FL,Eastern Equatoria,Ikotos,129557.0,2015,10,Stressed,16.2,19551.13157894737,3837.447368421053,0
ID_UL1RSR,Eastern Equatoria,Ikotos,131882.0,2016,1,Stressed,13.9,21114.0,4186.0,0
ID_LA8S8H,Eastern Equatoria,Ikotos,131882.0,2016,4,Stressed,19.0,21114.0,4186.0,1
ID_MBR5XQ,Eastern Equatoria,Ikotos,131882.0,2016,5,Crisis,29.6,21114.0,4186.0,1
ID_T4P501,Eastern Equatoria,Ikotos,131882.0,2016,8,Crisis,25.0,21114.0,4186.0,1
ID_NOUHTC,Eastern Equatoria,Ikotos,131882.0,2016,10,Crisis,35.6,21114.0,4186.0,1
ID_S1K9YE,Eastern Equatoria,Ikotos,116608.0,2017,1,Crisis,25.0,19933.0,2953.0,1
ID_9O2M71,Eastern Equatoria,Ikotos,116608.0,2017,2,Crisis,40.3,19933.0,2953.0,1
ID_HSSBEL,Eastern Equatoria,Ikotos,134206.0,2017,5,Crisis,36.9,19933.0,2953.0,1
ID_RQVSLW,Eastern Equatoria,Ikotos,134206.0,2017,6,Crisis,39.5,19933.0,2953.0,1
ID_F90KM3,Eastern Equatoria,Ikotos,119949.0,2017,9,Crisis,30.6,19933.0,2953.0,1
ID_TZK3NY,Eastern Equatoria,Ikotos,119949.0,2017,10,Emergency,60.0,19933.0,2953.0,1
ID_9V20YA,Eastern Equatoria,Ikotos,123547.0,2018,1,Crisis,60.0,19778.0,4335.0,0
ID_R821UZ,Eastern Equatoria,Ikotos,123547.0,2018,2,Stressed,15.4,19778.0,4335.0,1
ID_VGWW4F,Eastern Equatoria,Ikotos,123547.0,2018,5,Crisis,25.1,19778.0,4335.0,0
ID_YB8DAL,Eastern Equatoria,Ikotos,123547.0,2018,9,Stressed,14.6,19778.0,4335.0,1
ID_FYO175,Eastern Equatoria,Ikotos,123547.0,2018,10,Crisis,44.5,19778.0,4335.0,1
ID_0CEHLX,Eastern Equatoria,Ikotos,128205.0,2019,1,Crisis,20.2,16976.0,1069.0,0
ID_SLG6MM,Eastern Equatoria,Ikotos,101982.0,2019,8,Stressed,14.8,16976.0,1069.0,1
ID_1ZXYVG,Eastern Equatoria,Ikotos,101982.0,2019,9,Crisis,30.4,16976.0,1069.0,0
ID_IUI9KK,Eastern Equatoria,Ikotos,101982.0,2020,1,Stressed,14.7,21139.0,4633.0,0
ID_HZLM72,Eastern Equatoria,Ikotos,103719.0,2020,1,Stressed,14.7,21139.0,4633.0,1
ID_JEYN93,Eastern Equatoria,Ikotos,101982.0,2020,2,Crisis,29.9,21139.0,4633.0,1
ID_82KKZM,Eastern Equatoria,Ikotos,101982.0,2020,5,Crisis,24.5,21139.0,4633.0,1
ID_PJRHT7,Eastern Equatoria,Ikotos,106843.0,2022,2,Crisis,29.4,20515.0,3003.0,1
ID_ZEWVIY,Eastern Equatoria,Ikotos,106843.0,2022,4,Crisis,55.2,20515.0,3003.0,1
ID_TWBOZD,Eastern Equatoria,Ikotos,107047.0,2022,10,Crisis,44.9,20515.0,3003.0,1
ID_1AT7O7,Eastern Equatoria,Ikotos,107047.0,2022,12,Crisis,49.5,20515.0,3003.0,1
ID_5RH8LX,Eastern Equatoria,Ikotos,107047.0,2023,4,Crisis,44.8,23099.0,5062.0,1
ID_6DUT07,Eastern Equatoria,Ikotos,61229.0,2023,9,Emergency,49.5,23099.0,5062.0,1
ID_6G5G79,Eastern Equatoria,Ikotos,61229.0,2023,12,Crisis,39.2,23099.0,5062.0,1
ID_OR7875,Eastern Equatoria,Ikotos,61229.0,2024,4,Crisis,29.4,10555.0,2672.0,1
ID_AUD9K9,Eastern Equatoria,Ikotos,110258.0,2024,9,Crisis,44.1,10555.0,2672.0,1
ID_TR74QG,Eastern Equatoria,Ikotos,112441.0,2024,12,Crisis,43.5,10555.0,2672.0,1
ID_EFQJG0,Eastern Equatoria,Ikotos,114178.0,2025,4,Crisis,35.6,19481.0,5285.0,1
ID_2U1G46,Eastern Equatoria,Kapoeta East,185117.0,2014,10,Stressed,10.3,7202.894736842105,-17028.763157894737,0
ID_3SDYGF,Eastern Equatoria,Kapoeta East,188500.0,2015,1,Stressed,4.9,7202.894736842105,-17028.763157894737,0
ID_LIJI18,Eastern Equatoria,Kapoeta East,188500.0,2015,4,Stressed,10.1,7202.894736842105,-17028.763157894737,0
ID_K0AXYC,Eastern Equatoria,Kapoeta East,188500.0,2015,5,Stressed,14.9,7202.894736842105,-17028.763157894737,1
ID_ELOS6Z,Eastern Equatoria,Kapoeta East,188500.0,2015,8,Crisis,20.2,7202.894736842105,-17028.763157894737,0
ID_LE6KWH,Eastern Equatoria,Kapoeta East,188500.0,2015,10,Stressed,14.9,7202.894736842105,-17028.763157894737,0
ID_EF0VOT,Eastern Equatoria,Kapoeta East,191882.0,2016,1,Stressed,14.9,5602.0,-18243.0,1
ID_QTXHI1,Eastern Equatoria,Kapoeta East,191882.0,2016,4,Crisis,25.0,5602.0,-18243.0,1
ID_5CQZCU,Eastern Equatoria,Kapoeta East,191882.0,2016,5,Crisis,45.3,5602.0,-18243.0,1
ID_CTSUFL,Eastern Equatoria,Kapoeta East,191882.0,2016,8,Crisis,34.9,5602.0,-18243.0,1
ID_SEHUDS,Eastern Equatoria,Kapoeta East,191882.0,2016,10,Crisis,30.2,5602.0,-18243.0,1
ID_3QSQCQ,Eastern Equatoria,Kapoeta East,169660.0,2017,1,Crisis,19.8,8664.0,-15923.0,1
ID_30O30U,Eastern Equatoria,Kapoeta East,169660.0,2017,2,Crisis,44.8,8664.0,-15923.0,1
ID_BMC97C,Eastern Equatoria,Kapoeta East,195264.0,2017,5,Crisis,60.1,8664.0,-15923.0,1
ID_7BO119,Eastern Equatoria,Kapoeta East,195264.0,2017,6,Crisis,65.0,8664.0,-15923.0,1
ID_XP9N56,Eastern Equatoria,Kapoeta East,158627.0,2017,9,Crisis,50.2,8664.0,-15923.0,1
ID_NYXTXM,Eastern Equatoria,Kapoeta East,158627.0,2017,10,Emergency,80.1,8664.0,-15923.0,1
ID_GTT0IA,Eastern Equatoria,Kapoeta East,163386.0,2018,1,Emergency,64.9,6028.0,-14395.0,1
ID_AKYTT3,Eastern Equatoria,Kapoeta East,163386.0,2018,2,Emergency,69.8,6028.0,-14395.0,1
ID_IMJ70E,Eastern Equatoria,Kapoeta East,163386.0,2018,5,Emergency,74.7,6028.0,-14395.0,1
ID_3P15AH,Eastern Equatoria,Kapoeta East,163386.0,2018,9,Emergency,74.7,6028.0,-14395.0,1
ID_DBVZB0,Eastern Equatoria,Kapoeta East,163386.0,2018,10,Crisis,55.1,6028.0,-14395.0,1
ID_OIH5CS,Eastern Equatoria,Kapoeta East,169545.0,2019,1,Crisis,55.1,5068.0,-15968.0,1
ID_K30LVY,Eastern Equatoria,Kapoeta East,161014.0,2019,8,Crisis,60.2,5068.0,-15968.0,1
ID_LKFXHK,Eastern Equatoria,Kapoeta East,161014.0,2019,9,Emergency,69.6,5068.0,-15968.0,1
ID_C856WP,Eastern Equatoria,Kapoeta East,161014.0,2020,1,Crisis,49.7,10519.0,-11310.0,1
ID_R97Y2L,Eastern Equatoria,Kapoeta East,164380.0,2020,1,Crisis,44.7,10519.0,-11310.0,1
ID_OFN1R4,Eastern Equatoria,Kapoeta East,161014.0,2020,2,Crisis,65.1,10519.0,-11310.0,1
ID_KZ36U8,Eastern Equatoria,Kapoeta East,161014.0,2020,5,Crisis,54.7,10519.0,-11310.0,1
ID_UEIHX7,Eastern Equatoria,Kapoeta East,169656.0,2022,2,Crisis,54.7,8300.0,-14859.0,1
ID_4D0GJY,Eastern Equatoria,Kapoeta East,169656.0,2022,4,Emergency,59.5,8300.0,-14859.0,1
ID_V5G10U,Eastern Equatoria,Kapoeta East,169978.0,2022,10,Emergency,64.8,8300.0,-14859.0,1
ID_R5L8A7,Eastern Equatoria,Kapoeta East,169978.0,2022,12,Emergency,54.7,8300.0,-14859.0,1
ID_8E9RIV,Eastern Equatoria,Kapoeta East,169978.0,2023,4,Emergency,64.7,9024.0,-14829.0,1
ID_H6T1NT,Eastern Equatoria,Kapoeta East,319113.0,2023,9,Emergency,69.4,9024.0,-14829.0,1
ID_MJSRD9,Eastern Equatoria,Kapoeta East,319113.0,2023,12,Crisis,40.1,9024.0,-14829.0,1
ID_Q46NOU,Eastern Equatoria,Kapoeta East,319113.0,2024,4,Crisis,30.1,7260.0,-33826.0,1
ID_HFJ7UP,Eastern Equatoria,Kapoeta East,175078.0,2024,9,Emergency,45.1,7260.0,-33826.0,1
ID_FLN4RX,Eastern Equatoria,Kapoeta East,217840.0,2024,12,Crisis,49.7,7260.0,-33826.0,1
ID_YJ38XR,Eastern Equatoria,Kapoeta East,221206.0,2025,4,Emergency,60.1,4540.0,-18002.0,1
ID_G2GZR7,Eastern Equatoria,Kapoeta North,115934.0,2014,10,Stressed,10.4,5038.578947368421,-10117.447368421052,0
ID_TXCB48,Eastern Equatoria,Kapoeta North,118052.0,2015,1,Stressed,5.2,5038.578947368421,-10117.447368421052,0
ID_Y1O4IZ,Eastern Equatoria,Kapoeta North,118052.0,2015,4,Stressed,10.2,5038.578947368421,-10117.447368421052,0
ID_ASNWYW,Eastern Equatoria,Kapoeta North,118052.0,2015,5,Stressed,10.2,5038.578947368421,-10117.447368421052,1
ID_RRATAT,Eastern Equatoria,Kapoeta North,118052.0,2015,8,Crisis,25.4,5038.578947368421,-10117.447368421052,0
ID_J9A3Y3,Eastern Equatoria,Kapoeta North,118052.0,2015,10,Stressed,15.2,5038.578947368421,-10117.447368421052,0
ID_6DDFGS,Eastern Equatoria,Kapoeta North,120170.0,2016,1,Stressed,15.2,4999.0,-9718.0,1
ID_3JONOU,Eastern Equatoria,Kapoeta North,120170.0,2016,4,Crisis,25.0,4999.0,-9718.0,1
ID_9IY4X4,Eastern Equatoria,Kapoeta North,120170.0,2016,5,Crisis,44.9,4999.0,-9718.0,1
ID_1DNTCA,Eastern Equatoria,Kapoeta North,120170.0,2016,8,Crisis,35.0,4999.0,-9718.0,1
ID_GRP2U4,Eastern Equatoria,Kapoeta North,120170.0,2016,10,Crisis,25.0,4999.0,-9718.0,0
ID_DTBH55,Eastern Equatoria,Kapoeta North,106254.0,2017,1,Stressed,15.0,5840.0,-9632.0,1
ID_RBC76U,Eastern Equatoria,Kapoeta North,106254.0,2017,2,Crisis,25.4,5840.0,-9632.0,1
ID_B7L8V1,Eastern Equatoria,Kapoeta North,122289.0,2017,5,Crisis,39.5,5840.0,-9632.0,1
ID_ZOCFI4,Eastern Equatoria,Kapoeta North,122289.0,2017,6,Crisis,40.1,5840.0,-9632.0,1
ID_O6L1F9,Eastern Equatoria,Kapoeta North,100493.0,2017,9,Crisis,30.3,5840.0,-9632.0,1
ID_0S9BP4,Eastern Equatoria,Kapoeta North,100493.0,2017,10,Emergency,74.6,5840.0,-9632.0,1
ID_M18O1B,Eastern Equatoria,Kapoeta North,103508.0,2018,1,Emergency,54.7,4186.0,-8753.0,1
ID_J9RM7P,Eastern Equatoria,Kapoeta North,103508.0,2018,2,Crisis,60.9,4186.0,-8753.0,1
ID_YXDW2Z,Eastern Equatoria,Kapoeta North,103508.0,2018,5,Crisis,65.7,4186.0,-8753.0,1
ID_CFZW0L,Eastern Equatoria,Kapoeta North,103508.0,2018,9,Emergency,75.4,4186.0,-8753.0,1
ID_DALMJE,Eastern Equatoria,Kapoeta North,103508.0,2018,10,Crisis,55.1,4186.0,-8753.0,1
ID_GQTOAM,Eastern Equatoria,Kapoeta North,107410.0,2019,1,Crisis,55.1,5174.0,-8153.0,1
ID_DVLNKN,Eastern Equatoria,Kapoeta North,152352.0,2019,8,Crisis,65.2,5174.0,-8153.0,1
ID_D669UG,Eastern Equatoria,Kapoeta North,152352.0,2019,9,Emergency,75.5,5174.0,-8153.0,1
ID_NEKRCP,Eastern Equatoria,Kapoeta North,152352.0,2020,1,Crisis,49.9,5965.0,-7864.0,1
ID_PRCJIW,Eastern Equatoria,Kapoeta North,154467.0,2020,1,Emergency,44.6,5965.0,-7864.0,1
ID_VHDK8L,Eastern Equatoria,Kapoeta North,152352.0,2020,2,Emergency,65.4,5965.0,-7864.0,1
ID_W2LM34,Eastern Equatoria,Kapoeta North,152352.0,2020,5,Emergency,54.5,5965.0,-7864.0,1
ID_9EL8HL,Eastern Equatoria,Kapoeta North,157137.0,2022,2,Crisis,49.9,6328.0,-8344.0,1
ID_88KZRU,Eastern Equatoria,Kapoeta North,157137.0,2022,4,Emergency,54.7,6328.0,-8344.0,1
ID_IN3OEU,Eastern Equatoria,Kapoeta North,157435.0,2022,10,Emergency,64.9,6328.0,-8344.0,1
ID_VTYT8Q,Eastern Equatoria,Kapoeta North,157435.0,2022,12,Crisis,50.2,6328.0,-8344.0,1
ID_ZPKY32,Eastern Equatoria,Kapoeta North,157435.0,2023,4,Emergency,54.6,6926.0,-8186.0,1
ID_ORWIXZ,Eastern Equatoria,Kapoeta North,103176.0,2023,9,Emergency,59.7,6926.0,-8186.0,1
ID_2C9ROS,Eastern Equatoria,Kapoeta North,103176.0,2023,12,Crisis,44.6,6926.0,-8186.0,1
ID_7YT2M6,Eastern Equatoria,Kapoeta North,103176.0,2024,4,Crisis,39.7,2364.0,-10920.0,1
ID_TWD1XM,Eastern Equatoria,Kapoeta North,162158.0,2024,9,Emergency,64.9,2364.0,-10920.0,1
ID_XB9YO1,Eastern Equatoria,Kapoeta North,136929.0,2024,12,Crisis,40.1,2364.0,-10920.0,1
ID_8PAJSS,Eastern Equatoria,Kapoeta North,139044.0,2025,4,Emergency,54.8,3377.0,-17501.0,1
ID_UUQO1V,Eastern Equatoria,Kapoeta South,91158.0,2014,10,Stressed,5.5,2826.0789473684213,-8108.342105263157,0
ID_SMADO8,Eastern Equatoria,Kapoeta South,92823.0,2015,1,Stressed,5.5,2826.0789473684213,-8108.342105263157,0
ID_E7FLQH,Eastern Equatoria,Kapoeta South,92823.0,2015,4,Stressed,9.7,2826.0789473684213,-8108.342105263157,0
ID_RRPZLK,Eastern Equatoria,Kapoeta South,92823.0,2015,5,Stressed,0.0,2826.0789473684213,-8108.342105263157,0
ID_3E4XYF,Eastern Equatoria,Kapoeta South,92823.0,2015,8,Stressed,5.4,2826.0789473684213,-8108.342105263157,0
ID_9IGFU8,Eastern Equatoria,Kapoeta South,92823.0,2015,10,Stressed,15.1,2826.0789473684213,-8108.342105263157,0
ID_IOGXPB,Eastern Equatoria,Kapoeta South,94489.0,2016,1,Stressed,15.1,3081.0,-9173.0,1
ID_WHVNZH,Eastern Equatoria,Kapoeta South,94489.0,2016,4,Crisis,25.4,3081.0,-9173.0,1
ID_13CD5G,Eastern Equatoria,Kapoeta South,94489.0,2016,5,Crisis,39.2,3081.0,-9173.0,1
ID_LQJ5SX,Eastern Equatoria,Kapoeta South,94489.0,2016,8,Crisis,30.7,3081.0,-9173.0,1
ID_VWVM4W,Eastern Equatoria,Kapoeta South,94489.0,2016,10,Crisis,25.4,3081.0,-9173.0,0
ID_3ZKWDE,Eastern Equatoria,Kapoeta South,83547.0,2017,1,Stressed,14.8,2462.0,-10190.0,1
ID_EKGYSP,Eastern Equatoria,Kapoeta South,83547.0,2017,2,Crisis,40.7,2462.0,-10190.0,1
ID_ENGWYX,Eastern Equatoria,Kapoeta South,96155.0,2017,5,Crisis,46.7,2462.0,-10190.0,1
ID_9TRFLQ,Eastern Equatoria,Kapoeta South,96155.0,2017,6,Crisis,49.9,2462.0,-10190.0,1
ID_BMAE38,Eastern Equatoria,Kapoeta South,65734.0,2017,9,Crisis,40.6,2462.0,-10190.0,1
ID_SRYO4R,Eastern Equatoria,Kapoeta South,65734.0,2017,10,Emergency,54.8,2462.0,-10190.0,1
ID_CB1KJT,Eastern Equatoria,Kapoeta South,67706.0,2018,1,Crisis,54.8,1844.0,-6958.0,1
ID_GQ01TE,Eastern Equatoria,Kapoeta South,67706.0,2018,2,Crisis,59.1,1844.0,-6958.0,1
ID_E13N3B,Eastern Equatoria,Kapoeta South,67706.0,2018,5,Crisis,66.5,1844.0,-6958.0,1
ID_ZT9D31,Eastern Equatoria,Kapoeta South,67706.0,2018,9,Crisis,59.1,1844.0,-6958.0,1
ID_K9QM3P,Eastern Equatoria,Kapoeta South,67706.0,2018,10,Crisis,54.6,1844.0,-6958.0,1
ID_91I3VM,Eastern Equatoria,Kapoeta South,70259.0,2019,1,Crisis,54.6,2374.0,-6692.0,1
ID_ZWFFHH,Eastern Equatoria,Kapoeta South,96033.0,2019,8,Crisis,55.5,2374.0,-6692.0,1
ID_CMKTLZ,Eastern Equatoria,Kapoeta South,96033.0,2019,9,Crisis,65.6,2374.0,-6692.0,1
ID_KJ49YD,Eastern Equatoria,Kapoeta South,96033.0,2020,1,Crisis,44.8,4224.0,-5184.0,1
ID_82795E,Eastern Equatoria,Kapoeta South,97664.0,2020,1,Crisis,44.8,4224.0,-5184.0,1
ID_5IZ31Y,Eastern Equatoria,Kapoeta South,96033.0,2020,2,Crisis,60.4,4224.0,-5184.0,1
ID_RUJOQW,Eastern Equatoria,Kapoeta South,96033.0,2020,5,Emergency,55.2,4224.0,-5184.0,1
ID_5DSK7N,Eastern Equatoria,Kapoeta South,102232.0,2022,2,Crisis,50.0,2977.0,-7003.0,1
ID_8LA100,Eastern Equatoria,Kapoeta South,102232.0,2022,4,Crisis,45.0,2977.0,-7003.0,1
ID_QXMCTH,Eastern Equatoria,Kapoeta South,102427.0,2022,10,Crisis,49.9,2977.0,-7003.0,1
ID_PHJ3MU,Eastern Equatoria,Kapoeta South,102427.0,2022,12,Crisis,44.9,2977.0,-7003.0,1
ID_URMYBD,Eastern Equatoria,Kapoeta South,102427.0,2023,4,Crisis,54.7,3167.0,-7113.0,1
ID_2QE4PA,Eastern Equatoria,Kapoeta South,67827.0,2023,9,Emergency,59.6,3167.0,-7113.0,1
ID_8HYEXF,Eastern Equatoria,Kapoeta South,67827.0,2023,12,Crisis,25.1,3167.0,-7113.0,1
ID_7JXJN6,Eastern Equatoria,Kapoeta South,67827.0,2024,4,Crisis,20.6,2294.0,-6788.0,1
ID_FOKZIX,Eastern Equatoria,Kapoeta South,105499.0,2024,9,Crisis,25.1,2294.0,-6788.0,1
ID_ZAREIY,Eastern Equatoria,Kapoeta South,105562.0,2024,12,Crisis,35.1,2294.0,-6788.0,1
ID_AZ39PE,Eastern Equatoria,Kapoeta South,107192.0,2025,4,Crisis,45.5,3067.0,-11059.0,1
ID_CN0DL5,Eastern Equatoria,Lafon,130960.0,2014,10,Stressed,5.3,11369.342105263158,-3370.5789473684213,0
ID_E11E9F,Eastern Equatoria,Lafon,133352.0,2015,1,Stressed,5.3,11369.342105263158,-3370.5789473684213,0
ID_TAXP0W,Eastern Equatoria,Lafon,133352.0,2015,4,Stressed,15.0,11369.342105263158,-3370.5789473684213,1
ID_FOY4DD,Eastern Equatoria,Lafon,133352.0,2015,5,Crisis,20.2,11369.342105263158,-3370.5789473684213,1
ID_1VN8LF,Eastern Equatoria,Lafon,133352.0,2015,8,Crisis,35.2,11369.342105263158,-3370.5789473684213,1
ID_JDTVV2,Eastern Equatoria,Lafon,133352.0,2015,10,Crisis,40.5,11369.342105263158,-3370.5789473684213,1
ID_Y4XKSS,Eastern Equatoria,Lafon,135744.0,2016,1,Crisis,35.2,10914.0,-4205.0,1
ID_0KB68R,Eastern Equatoria,Lafon,135744.0,2016,4,Crisis,44.9,10914.0,-4205.0,1
ID_ERVT99,Eastern Equatoria,Lafon,135744.0,2016,5,Crisis,54.5,10914.0,-4205.0,1
ID_7E4UNY,Eastern Equatoria,Lafon,135744.0,2016,8,Crisis,50.1,10914.0,-4205.0,1
ID_181ACJ,Eastern Equatoria,Lafon,135744.0,2016,10,Crisis,25.0,10914.0,-4205.0,0
ID_BC2SWS,Eastern Equatoria,Lafon,120024.0,2017,1,Stressed,14.7,14804.0,-1974.0,1
ID_OZCTWJ,Eastern Equatoria,Lafon,120024.0,2017,2,Crisis,40.0,14804.0,-1974.0,1
ID_LSH3TO,Eastern Equatoria,Lafon,138137.0,2017,5,Crisis,55.0,14804.0,-1974.0,1
ID_W4YCZ0,Eastern Equatoria,Lafon,138137.0,2017,6,Crisis,44.9,14804.0,-1974.0,1
ID_4CDPQV,Eastern Equatoria,Lafon,99528.0,2017,9,Crisis,65.2,14804.0,-1974.0,1
ID_L00EZZ,Eastern Equatoria,Lafon,99528.0,2017,10,Crisis,55.3,14804.0,-1974.0,1
ID_F8S2ZG,Eastern Equatoria,Lafon,102514.0,2018,1,Crisis,50.2,10854.0,-1448.0,0
ID_E2J51B,Eastern Equatoria,Lafon,102514.0,2018,2,Stressed,14.6,10854.0,-1448.0,1
ID_3JCZUC,Eastern Equatoria,Lafon,102514.0,2018,5,Crisis,19.5,10854.0,-1448.0,1
ID_QMRUNJ,Eastern Equatoria,Lafon,102514.0,2018,9,Crisis,35.1,10854.0,-1448.0,1
ID_DU0ISB,Eastern Equatoria,Lafon,102514.0,2018,10,Crisis,40.0,10854.0,-1448.0,1
ID_5IQNF7,Eastern Equatoria,Lafon,106379.0,2019,1,Crisis,70.2,11180.0,-1491.0,1
ID_4T60PL,Eastern Equatoria,Lafon,149788.0,2019,8,Crisis,54.5,11180.0,-1491.0,1
ID_OZJCNS,Eastern Equatoria,Lafon,149788.0,2019,9,Crisis,44.7,11180.0,-1491.0,1
ID_6G298C,Eastern Equatoria,Lafon,149788.0,2020,1,Crisis,30.0,12656.0,-493.0,1
ID_QK4LTA,Eastern Equatoria,Lafon,151966.0,2020,1,Crisis,39.4,12656.0,-493.0,1
ID_HUKWQV,Eastern Equatoria,Lafon,149788.0,2020,2,Crisis,19.7,12656.0,-493.0,1
ID_R1H61I,Eastern Equatoria,Lafon,149788.0,2020,5,Crisis,54.7,12656.0,-493.0,1
ID_AOIM45,Eastern Equatoria,Lafon,156853.0,2022,2,Crisis,44.7,11189.0,-2761.0,1
ID_8AX40D,Eastern Equatoria,Lafon,156853.0,2022,4,Crisis,45.3,11189.0,-2761.0,1
ID_TIRC9Z,Eastern Equatoria,Lafon,157151.0,2022,10,Crisis,60.6,11189.0,-2761.0,1
ID_D76SZN,Eastern Equatoria,Lafon,157151.0,2022,12,Crisis,45.2,11189.0,-2761.0,1
ID_9DDE3C,Eastern Equatoria,Lafon,157151.0,2023,4,Crisis,40.1,10372.0,-3996.0,1
ID_UP8IJL,Eastern Equatoria,Lafon,85210.0,2023,9,Crisis,45.2,10372.0,-3996.0,1
ID_2Z0LJC,Eastern Equatoria,Lafon,85210.0,2023,12,Emergency,55.2,10372.0,-3996.0,1
ID_H2VFFQ,Eastern Equatoria,Lafon,85210.0,2024,4,Emergency,59.9,4278.0,-6254.0,1
ID_OT8HLJ,Eastern Equatoria,Lafon,161866.0,2024,9,Emergency,64.5,4278.0,-6254.0,1
ID_EFY3ZB,Eastern Equatoria,Lafon,141016.0,2024,12,Crisis,34.0,4278.0,-6254.0,1
ID_4LDIMS,Eastern Equatoria,Lafon,143194.0,2025,4,Emergency,49.6,10129.0,-9878.0,1
ID_YJ9BOQ,Eastern Equatoria,Magwi,201044.0,2014,10,Minimal,0.0,38324.02631578947,13877.605263157897,0
ID_0IQ2FA,Eastern Equatoria,Magwi,204717.0,2015,1,Minimal,0.0,38324.02631578947,13877.605263157897,0
ID_39E3NW,Eastern Equatoria,Magwi,204717.0,2015,4,Minimal,0.0,38324.02631578947,13877.605263157897,0
ID_XUJ3AC,Eastern Equatoria,Magwi,204717.0,2015,5,Minimal,0.0,38324.02631578947,13877.605263157897,0
ID_6PE63L,Eastern Equatoria,Magwi,204717.0,2015,8,Minimal,0.0,38324.02631578947,13877.605263157897,0
ID_BQGU3O,Eastern Equatoria,Magwi,204717.0,2015,10,Stressed,9.8,38324.02631578947,13877.605263157897,0
ID_BYGHGK,Eastern Equatoria,Magwi,208391.0,2016,1,Stressed,9.8,40384.0,15490.0,0
ID_5BWIKO,Eastern Equatoria,Magwi,208391.0,2016,4,Stressed,10.1,40384.0,15490.0,0
ID_TCKEH5,Eastern Equatoria,Magwi,208391.0,2016,5,Stressed,14.9,40384.0,15490.0,0
ID_SW2292,Eastern Equatoria,Magwi,208391.0,2016,8,Stressed,10.1,40384.0,15490.0,1
ID_MTR6SN,Eastern Equatoria,Magwi,208391.0,2016,10,Crisis,19.7,40384.0,15490.0,0
ID_GLH62C,Eastern Equatoria,Magwi,184256.0,2017,1,Stressed,10.1,17748.0,-3351.0,1
ID_9T199D,Eastern Equatoria,Magwi,184256.0,2017,2,Crisis,34.2,17748.0,-3351.0,1
ID_XJ37C9,Eastern Equatoria,Magwi,212063.0,2017,5,Crisis,38.0,17748.0,-3351.0,1
ID_H42M44,Eastern Equatoria,Magwi,212063.0,2017,6,Crisis,40.1,17748.0,-3351.0,1
ID_GV3Z6B,Eastern Equatoria,Magwi,179638.0,2017,9,Crisis,50.0,17748.0,-3351.0,1
ID_Z8UUG9,Eastern Equatoria,Magwi,179638.0,2017,10,Crisis,45.1,17748.0,-3351.0,1
ID_5RLRDI,Eastern Equatoria,Magwi,185028.0,2018,1,Crisis,35.1,25013.0,2810.0,0
ID_HSA7HE,Eastern Equatoria,Magwi,185028.0,2018,2,Stressed,15.1,25013.0,2810.0,0
ID_Z74LAV,Eastern Equatoria,Magwi,185028.0,2018,5,Stressed,15.1,25013.0,2810.0,0
ID_71448N,Eastern Equatoria,Magwi,185028.0,2018,9,Stressed,15.1,25013.0,2810.0,1
ID_7ODKEF,Eastern Equatoria,Magwi,185028.0,2018,10,Crisis,20.0,25013.0,2810.0,1
ID_828XG8,Eastern Equatoria,Magwi,192003.0,2019,1,Crisis,20.0,28339.0,5470.0,0
ID_Y72IVG,Eastern Equatoria,Magwi,248107.0,2019,8,Stressed,9.9,28339.0,5470.0,1
ID_LYE088,Eastern Equatoria,Magwi,248107.0,2019,9,Crisis,29.8,28339.0,5470.0,0
ID_O98BV7,Eastern Equatoria,Magwi,248107.0,2020,1,Stressed,14.9,36359.0,12628.0,0
ID_8HU7F0,Eastern Equatoria,Magwi,251592.0,2020,1,Stressed,14.9,36359.0,12628.0,1
ID_I9G5DZ,Eastern Equatoria,Magwi,248107.0,2020,2,Crisis,35.0,36359.0,12628.0,1
ID_X5QJIC,Eastern Equatoria,Magwi,248107.0,2020,5,Crisis,29.8,36359.0,12628.0,1
ID_JDAN08,Eastern Equatoria,Magwi,264862.0,2022,2,Crisis,25.0,45425.0,20248.0,1
ID_5RNTDR,Eastern Equatoria,Magwi,264862.0,2022,4,Crisis,20.0,45425.0,20248.0,1
ID_5XYFC4,Eastern Equatoria,Magwi,265366.0,2022,10,Crisis,24.9,45425.0,20248.0,1
ID_KL8CGN,Eastern Equatoria,Magwi,265366.0,2022,12,Crisis,20.0,45425.0,20248.0,1
ID_0T6DVW,Eastern Equatoria,Magwi,265366.0,2023,4,Crisis,24.9,39762.0,13830.0,1
ID_RB7F6F,Eastern Equatoria,Magwi,145384.0,2023,9,Crisis,30.1,39762.0,13830.0,0
ID_DHGZZ0,Eastern Equatoria,Magwi,145384.0,2023,12,Stressed,15.1,39762.0,13830.0,0
ID_JKIBU4,Eastern Equatoria,Magwi,145384.0,2024,4,Stressed,15.1,36276.0,18307.0,1
ID_FMPKXV,Eastern Equatoria,Magwi,273327.0,2024,9,Crisis,25.4,36276.0,18307.0,1
ID_HAGKC4,Eastern Equatoria,Magwi,225583.0,2024,12,Crisis,43.5,36276.0,18307.0,0
ID_LORXDT,Eastern Equatoria,Magwi,229068.0,2025,4,Stressed,15.1,75007.0,41224.0,1
ID_G5NQJQ,Eastern Equatoria,Torit,138268.0,2014,10,Minimal,5.1,11770.473684210529,-6350.631578947368,0
ID_IJC1YD,Eastern Equatoria,Torit,140795.0,2015,1,Minimal,0.0,11770.473684210529,-6350.631578947368,0
ID_MT8VT4,Eastern Equatoria,Torit,140795.0,2015,4,Stressed,5.0,11770.473684210529,-6350.631578947368,0
ID_3PT5R5,Eastern Equatoria,Torit,140795.0,2015,5,Stressed,5.0,11770.473684210529,-6350.631578947368,0
ID_RC6ZS6,Eastern Equatoria,Torit,140795.0,2015,8,Stressed,9.9,11770.473684210529,-6350.631578947368,1
ID_2YWE1G,Eastern Equatoria,Torit,140795.0,2015,10,Crisis,19.9,11770.473684210529,-6350.631578947368,1
ID_983EP9,Eastern Equatoria,Torit,143321.0,2016,1,Crisis,19.9,15067.0,-3165.0,1
ID_P9W4J6,Eastern Equatoria,Torit,143321.0,2016,4,Crisis,30.0,15067.0,-3165.0,1
ID_6CNOLJ,Eastern Equatoria,Torit,143321.0,2016,5,Crisis,44.7,15067.0,-3165.0,1
ID_Q52WSP,Eastern Equatoria,Torit,143321.0,2016,8,Crisis,34.9,15067.0,-3165.0,1
ID_OFV177,Eastern Equatoria,Torit,143321.0,2016,10,Crisis,39.8,15067.0,-3165.0,0
ID_UDKTMO,Eastern Equatoria,Torit,126723.0,2017,1,Stressed,14.7,13824.0,-3298.0,1
ID_NRVBJF,Eastern Equatoria,Torit,126723.0,2017,2,Crisis,45.0,13824.0,-3298.0,1
ID_VYB6LI,Eastern Equatoria,Torit,145847.0,2017,5,Crisis,55.2,13824.0,-3298.0,1
ID_076A3K,Eastern Equatoria,Torit,145847.0,2017,6,Emergency,65.1,13824.0,-3298.0,1
ID_KRZD5E,Eastern Equatoria,Torit,150462.0,2017,9,Emergency,69.9,13824.0,-3298.0,1
ID_9P3JPX,Eastern Equatoria,Torit,150462.0,2017,10,Crisis,60.5,13824.0,-3298.0,1
ID_GH3015,Eastern Equatoria,Torit,154976.0,2018,1,Crisis,49.8,12110.0,-8037.0,0
ID_3SFLSE,Eastern Equatoria,Torit,154976.0,2018,2,Stressed,14.8,12110.0,-8037.0,1
ID_45BG34,Eastern Equatoria,Torit,154976.0,2018,5,Crisis,25.2,12110.0,-8037.0,1
ID_IQ7ZJ3,Eastern Equatoria,Torit,154976.0,2018,9,Crisis,44.5,12110.0,-8037.0,0
ID_SWEBNV,Eastern Equatoria,Torit,154976.0,2018,10,Stressed,14.8,12110.0,-8037.0,0
ID_G5VMF6,Eastern Equatoria,Torit,160818.0,2019,1,Stressed,14.8,8408.0,-12344.0,1
ID_0YKNFU,Eastern Equatoria,Torit,58644.0,2019,8,Crisis,24.9,8408.0,-12344.0,1
ID_84XYJO,Eastern Equatoria,Torit,58644.0,2019,9,Crisis,35.8,8408.0,-12344.0,1
ID_A21A6X,Eastern Equatoria,Torit,58644.0,2020,1,Crisis,20.5,14382.0,-7152.0,0
ID_VAJ2K8,Eastern Equatoria,Torit,60691.0,2020,1,Stressed,15.3,14382.0,-7152.0,1
ID_XPNMJQ,Eastern Equatoria,Torit,58644.0,2020,2,Crisis,26.4,14382.0,-7152.0,1
ID_Y3ODSX,Eastern Equatoria,Torit,58644.0,2020,5,Crisis,25.6,14382.0,-7152.0,1
ID_4NXVKD,Eastern Equatoria,Torit,62976.0,2022,2,Crisis,35.8,12206.0,-10639.0,1
ID_C9X5JZ,Eastern Equatoria,Torit,62976.0,2022,4,Crisis,39.7,12206.0,-10639.0,1
ID_6KF162,Eastern Equatoria,Torit,63096.0,2022,10,Crisis,49.2,12206.0,-10639.0,1
ID_2VXYZX,Eastern Equatoria,Torit,63096.0,2022,12,Crisis,34.9,12206.0,-10639.0,1
ID_9JPNBZ,Eastern Equatoria,Torit,63096.0,2023,4,Crisis,39.6,13358.0,-10173.0,1
ID_UG0IT2,Eastern Equatoria,Torit,98491.0,2023,9,Crisis,49.1,13358.0,-10173.0,1
ID_6YS445,Eastern Equatoria,Torit,98491.0,2023,12,Crisis,35.5,13358.0,-10173.0,1
ID_GDEJ31,Eastern Equatoria,Torit,98491.0,2024,4,Crisis,30.5,9646.0,-3542.0,1
ID_GYMDM0,Eastern Equatoria,Torit,64989.0,2024,9,Crisis,44.7,9646.0,-3542.0,1
ID_L2LJK4,Eastern Equatoria,Torit,132487.0,2024,12,Crisis,60.0,9646.0,-3542.0,1
ID_Q5V7C6,Eastern Equatoria,Torit,134533.0,2025,4,Crisis,40.0,5307.0,-3395.0,1
ID_S5NKB4,Jonglei,Akobo,170211.0,2014,10,Crisis,45.2,6096.552631578948,-13686.868421052632,1
ID_EHOU6Q,Jonglei,Akobo,173321.0,2015,1,Crisis,40.0,6096.552631578948,-13686.868421052632,1
ID_LZ2RWG,Jonglei,Akobo,173321.0,2015,4,Crisis,40.4,6096.552631578948,-13686.868421052632,1
ID_WAJ1G1,Jonglei,Akobo,173321.0,2015,5,Crisis,34.6,6096.552631578948,-13686.868421052632,1
ID_R1DWWO,Jonglei,Akobo,173321.0,2015,8,Crisis,50.2,6096.552631578948,-13686.868421052632,1
ID_8NBHNA,Jonglei,Akobo,173321.0,2015,10,Crisis,24.8,6096.552631578948,-13686.868421052632,0
ID_L3GYWI,Jonglei,Akobo,176431.0,2016,1,Stressed,15.0,5467.0,-12255.0,0
ID_YMENVG,Jonglei,Akobo,176431.0,2016,4,Stressed,20.4,5467.0,-12255.0,0
ID_3KK0VM,Jonglei,Akobo,176431.0,2016,5,Stressed,14.7,5467.0,-12255.0,0
ID_59M6MG,Jonglei,Akobo,176431.0,2016,8,Stressed,14.7,5467.0,-12255.0,0
ID_87OI0E,Jonglei,Akobo,176431.0,2016,10,Stressed,15.3,5467.0,-12255.0,0
ID_0VGNXB,Jonglei,Akobo,179540.0,2017,1,Stressed,10.2,4198.0,-11432.0,0
ID_5JTB9X,Jonglei,Akobo,179540.0,2017,2,Stressed,20.1,4198.0,-11432.0,1
ID_XAYPNT,Jonglei,Akobo,179540.0,2017,5,Crisis,40.1,4198.0,-11432.0,1
ID_RFZWKX,Jonglei,Akobo,179540.0,2017,6,Crisis,60.2,4198.0,-11432.0,1
ID_XJVE3D,Jonglei,Akobo,166060.0,2017,9,Crisis,55.1,4198.0,-11432.0,1
ID_ZEEDHH,Jonglei,Akobo,166060.0,2017,10,Emergency,70.5,4198.0,-11432.0,1
ID_JSHZKB,Jonglei,Akobo,183167.0,2018,1,Crisis,65.0,4492.0,-14323.0,1
ID_RH7LAY,Jonglei,Akobo,183167.0,2018,2,Crisis,69.9,4492.0,-14323.0,1
ID_64YFDS,Jonglei,Akobo,183167.0,2018,5,Emergency,69.9,4492.0,-14323.0,1
ID_0DJI9K,Jonglei,Akobo,183167.0,2018,9,Emergency,74.8,4492.0,-14323.0,1
ID_QDGBK2,Jonglei,Akobo,183167.0,2018,10,Crisis,65.0,4492.0,-14323.0,1
ID_L0D1B4,Jonglei,Akobo,190072.0,2019,1,Crisis,55.1,4954.0,-15799.0,1
ID_XGMPW5,Jonglei,Akobo,225439.0,2019,8,Crisis,60.0,4954.0,-15799.0,1
ID_D3GO8J,Jonglei,Akobo,225439.0,2019,9,Crisis,75.0,4954.0,-15799.0,1
ID_N42X2E,Jonglei,Akobo,225439.0,2020,1,Crisis,55.0,5141.0,-16395.0,1
ID_ZC7FOV,Jonglei,Akobo,228234.0,2020,1,Emergency,75.0,5141.0,-16395.0,1
ID_2YGNMB,Jonglei,Akobo,225439.0,2020,2,Crisis,70.1,5141.0,-16395.0,1
ID_Y49E7E,Jonglei,Akobo,225439.0,2020,5,Emergency,75.0,5141.0,-16395.0,1
ID_OBJLZY,Jonglei,Akobo,226548.0,2022,2,Emergency,75.0,6028.0,-16819.0,1
ID_1UU9YM,Jonglei,Akobo,226548.0,2022,4,Emergency,60.0,6028.0,-16819.0,1
ID_SZDXIM,Jonglei,Akobo,226978.0,2022,10,Emergency,70.2,6028.0,-16819.0,1
ID_YN4U9B,Jonglei,Akobo,226978.0,2022,12,Emergency,85.0,6028.0,-16819.0,1
ID_XF445C,Jonglei,Akobo,226978.0,2023,4,Emergency,74.9,7519.0,-16014.0,1
ID_RI8BIX,Jonglei,Akobo,90839.0,2023,9,Emergency,79.7,7519.0,-16014.0,1
ID_OIQ2Q4,Jonglei,Akobo,90839.0,2023,12,Crisis,64.9,7519.0,-16014.0,1
ID_QERXDO,Jonglei,Akobo,90839.0,2024,4,Emergency,74.9,4491.0,-5801.0,1
ID_UADVWK,Jonglei,Akobo,233788.0,2024,9,Emergency,74.9,4491.0,-5801.0,1
ID_SHY8NB,Jonglei,Akobo,180930.0,2024,12,Crisis,55.6,4491.0,-5801.0,1
ID_IQUWRX,Jonglei,Akobo,183725.0,2025,4,Crisis,54.7,12258.0,-14231.0,1
ID_ZE1HM3,Jonglei,Ayod,168951.0,2014,10,Crisis,29.6,619.078947368421,-18954.78947368421,1
ID_8KSZBF,Jonglei,Ayod,172037.0,2015,1,Crisis,30.2,619.078947368421,-18954.78947368421,1
ID_FZZDVG,Jonglei,Ayod,172037.0,2015,4,Emergency,44.8,619.078947368421,-18954.78947368421,1
ID_7OQ2ZD,Jonglei,Ayod,172037.0,2015,5,Crisis,50.0,619.078947368421,-18954.78947368421,1
ID_O74V1Q,Jonglei,Ayod,172037.0,2015,8,Emergency,65.1,619.078947368421,-18954.78947368421,1
ID_X8ERTB,Jonglei,Ayod,172037.0,2015,10,Crisis,50.0,619.078947368421,-18954.78947368421,1
ID_74RS7G,Jonglei,Ayod,175125.0,2016,1,Crisis,35.5,541.0,-17513.0,1
ID_U0ENV5,Jonglei,Ayod,175125.0,2016,4,Crisis,40.5,541.0,-17513.0,1
ID_SN961J,Jonglei,Ayod,175125.0,2016,5,Crisis,49.7,541.0,-17513.0,1
ID_88QEOZ,Jonglei,Ayod,175125.0,2016,8,Crisis,50.2,541.0,-17513.0,0
ID_0KZ4Z7,Jonglei,Ayod,175125.0,2016,10,Stressed,15.4,541.0,-17513.0,0
ID_WHWKMY,Jonglei,Ayod,178212.0,2017,1,Stressed,14.8,576.0,-18660.0,1
ID_9X8SYL,Jonglei,Ayod,178212.0,2017,2,Crisis,49.9,576.0,-18660.0,1
ID_EMRUYP,Jonglei,Ayod,178212.0,2017,5,Crisis,60.0,576.0,-18660.0,1
ID_04K43S,Jonglei,Ayod,178212.0,2017,6,Emergency,75.2,576.0,-18660.0,1
ID_AFYH1F,Jonglei,Ayod,166334.0,2017,9,Emergency,80.2,576.0,-18660.0,1
ID_KJ4YK1,Jonglei,Ayod,166334.0,2017,10,Emergency,84.8,576.0,-18660.0,1
ID_B3D505,Jonglei,Ayod,171324.0,2018,1,Emergency,80.0,565.0,-18281.0,1
ID_0UI22K,Jonglei,Ayod,171324.0,2018,2,Crisis,50.2,565.0,-18281.0,1
ID_X7N89L,Jonglei,Ayod,171324.0,2018,5,Emergency,80.0,565.0,-18281.0,1
ID_TAJW25,Jonglei,Ayod,171324.0,2018,9,Emergency,85.2,565.0,-18281.0,1
ID_36ZX1T,Jonglei,Ayod,171324.0,2018,10,Crisis,60.1,565.0,-18281.0,1
ID_V18KGY,Jonglei,Ayod,177783.0,2019,1,Crisis,50.2,665.0,-18746.0,1
ID_GGSNPU,Jonglei,Ayod,181868.0,2019,8,Crisis,60.2,665.0,-18746.0,1
ID_EVJLZF,Jonglei,Ayod,181868.0,2019,9,Crisis,64.9,665.0,-18746.0,1
ID_FLB7WX,Jonglei,Ayod,181868.0,2020,1,Crisis,55.0,690.0,-19453.0,1
ID_RUM2LH,Jonglei,Ayod,184726.0,2020,1,Emergency,70.4,690.0,-19453.0,1
ID_GCSOTD,Jonglei,Ayod,181868.0,2020,2,Crisis,54.7,690.0,-19453.0,1
ID_HHLMH1,Jonglei,Ayod,181868.0,2020,5,Emergency,80.3,690.0,-19453.0,1
ID_T939AY,Jonglei,Ayod,194028.0,2022,2,Emergency,80.3,220.0,-21150.0,1
ID_Q6WW8Y,Jonglei,Ayod,194028.0,2022,4,Emergency,85.0,220.0,-21150.0,1
ID_L68NTK,Jonglei,Ayod,194396.0,2022,10,Emergency,90.2,220.0,-21150.0,1
ID_63N2QB,Jonglei,Ayod,194396.0,2022,12,Emergency,70.0,220.0,-21150.0,1
ID_6GS8G8,Jonglei,Ayod,194396.0,2023,4,Emergency,64.8,396.0,-21615.0,1
ID_TACY15,Jonglei,Ayod,114077.0,2023,9,Emergency,84.9,396.0,-21615.0,1
ID_PDTZ91,Jonglei,Ayod,114077.0,2023,12,Crisis,59.6,396.0,-21615.0,1
ID_X70FQL,Jonglei,Ayod,114077.0,2024,4,Emergency,64.9,382.0,-12543.0,1
ID_DB2UUI,Jonglei,Ayod,200228.0,2024,9,Emergency,75.4,382.0,-12543.0,1
ID_JNWPAY,Jonglei,Ayod,185011.0,2024,12,Crisis,39.5,382.0,-12543.0,1
ID_TXW1VZ,Jonglei,Ayod,187869.0,2025,4,Crisis,50.3,874.0,-21812.0,1
ID_C7D2KD,Jonglei,Bor South,282206.0,2014,10,Stressed,14.9,7071.394736842105,-20735.657894736843,0
ID_1POXRT,Jonglei,Bor South,287362.0,2015,1,Stressed,14.9,7071.394736842105,-20735.657894736843,1
ID_EO2T8F,Jonglei,Bor South,287362.0,2015,4,Crisis,24.7,7071.394736842105,-20735.657894736843,0
ID_Y620N8,Jonglei,Bor South,287362.0,2015,5,Stressed,15.0,7071.394736842105,-20735.657894736843,0
ID_TTEAVT,Jonglei,Bor South,287362.0,2015,8,Stressed,15.0,7071.394736842105,-20735.657894736843,0
ID_8K06MO,Jonglei,Bor South,287362.0,2015,10,Stressed,15.0,7071.394736842105,-20735.657894736843,0
ID_XSFH4G,Jonglei,Bor South,292518.0,2016,1,Stressed,10.1,2729.0,-21012.0,1
ID_G24479,Jonglei,Bor South,292518.0,2016,4,Crisis,25.3,2729.0,-21012.0,1
ID_QTKCD0,Jonglei,Bor South,292518.0,2016,5,Crisis,24.3,2729.0,-21012.0,0
ID_RLEXDW,Jonglei,Bor South,292518.0,2016,8,Stressed,19.5,2729.0,-21012.0,0
ID_6LQWLV,Jonglei,Bor South,292518.0,2016,10,Stressed,15.0,2729.0,-21012.0,0
ID_UNLPAI,Jonglei,Bor South,297674.0,2017,1,Stressed,15.0,4182.0,-14011.0,1
ID_H0P4E0,Jonglei,Bor South,297674.0,2017,2,Crisis,29.9,4182.0,-14011.0,1
ID_5QMKTG,Jonglei,Bor South,297674.0,2017,5,Crisis,50.1,4182.0,-14011.0,1
ID_V44FTJ,Jonglei,Bor South,297674.0,2017,6,Emergency,60.1,4182.0,-14011.0,1
ID_5CCASB,Jonglei,Bor South,232350.0,2017,9,Crisis,55.1,4182.0,-14011.0,1
ID_UOV6TT,Jonglei,Bor South,232350.0,2017,10,Crisis,30.1,4182.0,-14011.0,0
ID_9Q1NI1,Jonglei,Bor South,239320.0,2018,1,Stressed,15.1,5825.0,-21697.0,0
ID_0KQSOS,Jonglei,Bor South,239320.0,2018,2,Stressed,15.0,5825.0,-21697.0,1
ID_X43WFS,Jonglei,Bor South,239320.0,2018,5,Crisis,35.1,5825.0,-21697.0,1
ID_QG8X80,Jonglei,Bor South,239320.0,2018,9,Emergency,45.1,5825.0,-21697.0,1
ID_RMHRCN,Jonglei,Bor South,239320.0,2018,10,Crisis,65.2,5825.0,-21697.0,1
ID_BH6NQQ,Jonglei,Bor South,248343.0,2019,1,Crisis,55.2,5162.0,-23185.0,1
ID_B9LZS3,Jonglei,Bor South,327583.0,2019,8,Crisis,64.8,5162.0,-23185.0,1
ID_4JTGXN,Jonglei,Bor South,327583.0,2019,9,Crisis,60.1,5162.0,-23185.0,1
ID_X4SN6S,Jonglei,Bor South,327583.0,2020,1,Crisis,49.8,6867.0,-22549.0,1
ID_M5RRVS,Jonglei,Bor South,332120.0,2020,1,Crisis,54.9,6867.0,-22549.0,1
ID_FFCXHG,Jonglei,Bor South,327583.0,2020,2,Crisis,55.1,6867.0,-22549.0,1
ID_NZEI3Z,Jonglei,Bor South,327583.0,2020,5,Crisis,60.1,6867.0,-22549.0,1
ID_RRHF4A,Jonglei,Bor South,339616.0,2022,2,Crisis,65.0,7323.0,-23884.0,1
ID_BUFWBU,Jonglei,Bor South,339616.0,2022,4,Crisis,65.1,7323.0,-23884.0,1
ID_CJG8VU,Jonglei,Bor South,340261.0,2022,10,Emergency,70.1,7323.0,-23884.0,1
ID_AZXKDQ,Jonglei,Bor South,340261.0,2022,12,Crisis,50.0,7323.0,-23884.0,1
ID_95G3V2,Jonglei,Bor South,340261.0,2023,4,Crisis,45.0,8765.0,-23378.0,1
ID_3GXJ0M,Jonglei,Bor South,160878.0,2023,9,Crisis,60.0,8765.0,-23378.0,0
ID_QVINDH,Jonglei,Bor South,160878.0,2023,12,Stressed,14.9,8765.0,-23378.0,0
ID_4SPFDR,Jonglei,Bor South,160878.0,2024,4,Stressed,14.9,6570.0,-12486.0,1
ID_WB2SER,Jonglei,Bor South,350469.0,2024,9,Crisis,29.8,6570.0,-12486.0,0
ID_EV361X,Jonglei,Bor South,293700.0,2024,12,Stressed,19.1,6570.0,-12486.0,0
ID_SNBTI2,Jonglei,Bor South,298237.0,2025,4,Stressed,9.9,17844.0,-23669.0,1
ID_2NV01Z,Jonglei,Canal/Pigi,119751.0,2014,10,Crisis,35.1,611.9736842105264,-11874.263157894737,1
ID_DERI4K,Jonglei,Canal/Pigi,121939.0,2015,1,Crisis,35.1,611.9736842105264,-11874.263157894737,1
ID_5OGZ2U,Jonglei,Canal/Pigi,121939.0,2015,4,Emergency,44.3,611.9736842105264,-11874.263157894737,1
ID_EAXYLN,Jonglei,Canal/Pigi,121939.0,2015,5,Emergency,64.8,611.9736842105264,-11874.263157894737,1
ID_FXJ4PN,Jonglei,Canal/Pigi,121939.0,2015,8,Emergency,80.4,611.9736842105264,-11874.263157894737,1
ID_JY1O2R,Jonglei,Canal/Pigi,121939.0,2015,10,Crisis,40.2,611.9736842105264,-11874.263157894737,1
ID_NTJLMZ,Jonglei,Canal/Pigi,124127.0,2016,1,Crisis,29.5,1120.0,-18734.0,1
ID_04X0QZ,Jonglei,Canal/Pigi,124127.0,2016,4,Crisis,34.6,1120.0,-18734.0,1
ID_FHOMTZ,Jonglei,Canal/Pigi,124127.0,2016,5,Crisis,55.6,1120.0,-18734.0,1
ID_ZF8ADF,Jonglei,Canal/Pigi,124127.0,2016,8,Crisis,70.1,1120.0,-18734.0,0
ID_7PCHCB,Jonglei,Canal/Pigi,124127.0,2016,10,Stressed,14.5,1120.0,-18734.0,0
ID_N9WSZV,Jonglei,Canal/Pigi,126315.0,2017,1,Stressed,9.7,759.0,-12700.0,1
ID_83XPHX,Jonglei,Canal/Pigi,126315.0,2017,2,Crisis,60.2,759.0,-12700.0,1
ID_2KBVSI,Jonglei,Canal/Pigi,126315.0,2017,5,Crisis,69.7,759.0,-12700.0,1
ID_GBIAF9,Jonglei,Canal/Pigi,126315.0,2017,6,Emergency,75.2,759.0,-12700.0,1
ID_2MOVS0,Jonglei,Canal/Pigi,95763.0,2017,9,Emergency,75.2,759.0,-12700.0,1
ID_CDK36M,Jonglei,Canal/Pigi,95763.0,2017,10,Emergency,70.0,759.0,-12700.0,1
ID_8JVH7U,Jonglei,Canal/Pigi,98636.0,2018,1,Emergency,70.0,612.0,-10238.0,1
ID_JODCK8,Jonglei,Canal/Pigi,98636.0,2018,2,Crisis,70.0,612.0,-10238.0,1
ID_2853UY,Jonglei,Canal/Pigi,98636.0,2018,5,Emergency,80.1,612.0,-10238.0,1
ID_8U118Q,Jonglei,Canal/Pigi,98636.0,2018,9,Emergency,90.2,612.0,-10238.0,1
ID_QVAECW,Jonglei,Canal/Pigi,98636.0,2018,10,Emergency,50.7,612.0,-10238.0,1
ID_9YIL8S,Jonglei,Canal/Pigi,102355.0,2019,1,Emergency,45.6,467.0,-10708.0,1
ID_A3IDY3,Jonglei,Canal/Pigi,99781.0,2019,8,Emergency,49.8,467.0,-10708.0,1
ID_C7RM6J,Jonglei,Canal/Pigi,99781.0,2019,9,Emergency,70.2,467.0,-10708.0,1
ID_8Y6RH0,Jonglei,Canal/Pigi,99781.0,2020,1,Crisis,50.1,484.0,-11113.0,1
ID_5HHIWF,Jonglei,Canal/Pigi,101814.0,2020,1,Emergency,65.1,484.0,-11113.0,1
ID_D7YXW1,Jonglei,Canal/Pigi,99781.0,2020,2,Emergency,64.8,484.0,-11113.0,1
ID_TBRWR9,Jonglei,Canal/Pigi,99781.0,2020,5,Emergency,70.2,484.0,-11113.0,1
ID_65R96K,Jonglei,Canal/Pigi,106424.0,2022,2,Emergency,75.2,315.0,-11988.0,1
ID_HUB2RT,Jonglei,Canal/Pigi,106424.0,2022,4,Emergency,85.5,315.0,-11988.0,1
ID_SOYG9Z,Jonglei,Canal/Pigi,106626.0,2022,10,Emergency,90.2,315.0,-11988.0,1
ID_QYAHUL,Jonglei,Canal/Pigi,106626.0,2022,12,Emergency,75.0,315.0,-11988.0,1
ID_WJTIQW,Jonglei,Canal/Pigi,106626.0,2023,4,Emergency,75.0,324.0,-12348.0,1
ID_NRHZN4,Jonglei,Canal/Pigi,29721.0,2023,9,Emergency,79.7,324.0,-12348.0,1
ID_KGEUID,Jonglei,Canal/Pigi,29721.0,2023,12,Emergency,77.4,324.0,-12348.0,1
ID_JIPNF8,Jonglei,Canal/Pigi,29721.0,2024,4,Emergency,67.3,202.0,-3165.0,1
ID_F3GR94,Jonglei,Canal/Pigi,109825.0,2024,9,Emergency,84.1,202.0,-3165.0,1
ID_SZ2KUU,Jonglei,Canal/Pigi,131594.0,2024,12,Crisis,54.6,202.0,-3165.0,1
ID_OYC3RW,Jonglei,Canal/Pigi,133627.0,2025,4,Emergency,64.6,768.0,-11675.0,1
ID_QMMU7J,Jonglei,Duk,116810.0,2014,10,Emergency,44.5,1655.5757575757575,-13438.242424242424,1
ID_AE58HU,Jonglei,Duk,118944.0,2015,1,Emergency,44.5,1655.5757575757575,-13438.242424242424,1
ID_XG2MYR,Jonglei,Duk,118944.0,2015,8,Emergency,45.4,1655.5757575757575,-13438.242424242424,1
ID_06NKWF,Jonglei,Duk,118944.0,2015,10,Crisis,50.4,1655.5757575757575,-13438.242424242424,1
ID_G3MWU4,Jonglei,Duk,121079.0,2016,1,Crisis,35.3,1655.5757575757575,-13438.242424242424,1
ID_CFILKJ,Jonglei,Duk,121079.0,2016,4,Crisis,39.6,1655.5757575757575,-13438.242424242424,1
ID_XJQ5NV,Jonglei,Duk,121079.0,2016,5,Emergency,39.6,1655.5757575757575,-13438.242424242424,1
ID_8OGA0X,Jonglei,Duk,121079.0,2016,8,Emergency,54.5,1655.5757575757575,-13438.242424242424,0
ID_7ZCGDC,Jonglei,Duk,121079.0,2016,10,Stressed,14.9,1655.5757575757575,-13438.242424242424,0
ID_5TAO1C,Jonglei,Duk,123213.0,2017,1,Stressed,14.9,1369.0,-15521.0,1
ID_JFX5LI,Jonglei,Duk,123213.0,2017,2,Crisis,34.9,1369.0,-15521.0,1
ID_KWE4BX,Jonglei,Duk,123213.0,2017,5,Crisis,44.6,1369.0,-15521.0,1
ID_4LR9TJ,Jonglei,Duk,123213.0,2017,6,Emergency,85.2,1369.0,-15521.0,1
ID_Q8ZGVW,Jonglei,Duk,112421.0,2017,9,Emergency,84.4,1369.0,-15521.0,1
ID_WUSXLM,Jonglei,Duk,112421.0,2017,10,Crisis,64.9,1369.0,-15521.0,1
ID_T2PNJK,Jonglei,Duk,115793.0,2018,1,Crisis,70.3,1239.0,-11498.0,1
ID_A34MQA,Jonglei,Duk,115793.0,2018,2,Emergency,84.6,1239.0,-11498.0,1
ID_78RAPK,Jonglei,Duk,115793.0,2018,5,Emergency,85.5,1239.0,-11498.0,1
ID_IANOUO,Jonglei,Duk,115793.0,2018,9,Emergency,85.5,1239.0,-11498.0,1
ID_F0ONJP,Jonglei,Duk,115793.0,2018,10,Crisis,60.5,1239.0,-11498.0,1
ID_I163YK,Jonglei,Duk,120159.0,2019,1,Crisis,50.1,1701.0,-11418.0,1
ID_03O4GK,Jonglei,Duk,189958.0,2019,8,Crisis,59.9,1701.0,-11418.0,1
ID_WWJWGA,Jonglei,Duk,189958.0,2019,9,Emergency,74.8,1701.0,-11418.0,1
ID_BTGDJZ,Jonglei,Duk,189958.0,2020,1,Emergency,79.5,1545.0,-12069.0,1
ID_0IFRML,Jonglei,Duk,191303.0,2020,1,Emergency,69.5,1545.0,-12069.0,1
ID_29Q2L4,Jonglei,Duk,189958.0,2020,2,Emergency,89.9,1545.0,-12069.0,1
ID_8C1CQG,Jonglei,Duk,189958.0,2020,5,Emergency,74.8,1545.0,-12069.0,1
ID_433E1I,Jonglei,Duk,199038.0,2022,2,Emergency,79.5,1362.0,-13081.0,1
ID_1P0BQ1,Jonglei,Duk,199038.0,2022,4,Crisis,60.3,1362.0,-13081.0,1
ID_S9RYLL,Jonglei,Duk,199416.0,2022,10,Emergency,70.3,1362.0,-13081.0,1
ID_WB7SJW,Jonglei,Duk,199416.0,2022,12,Crisis,55.2,1362.0,-13081.0,1
ID_H55HEW,Jonglei,Duk,199416.0,2023,4,Crisis,55.2,1804.0,-13072.0,1
ID_LGJE2A,Jonglei,Duk,56187.0,2023,9,Emergency,60.2,1804.0,-13072.0,1
ID_B2RVND,Jonglei,Duk,56187.0,2023,12,Emergency,74.8,1804.0,-13072.0,1
ID_FDW79W,Jonglei,Duk,56187.0,2024,4,Emergency,74.8,715.0,-5651.0,1
ID_CXZ2EI,Jonglei,Duk,205398.0,2024,9,Emergency,83.6,715.0,-5651.0,1
ID_9212PG,Jonglei,Duk,87122.0,2024,12,Crisis,55.0,715.0,-5651.0,1
ID_YME6RP,Jonglei,Duk,88468.0,2025,4,Crisis,49.4,3133.0,-20139.0,1
ID_KZGGM0,Jonglei,Fangak,157422.0,2014,10,Crisis,30.5,881.5454545454545,-19500.81818181818,1
ID_J36TCF,Jonglei,Fangak,160298.0,2015,1,Crisis,25.4,881.5454545454545,-19500.81818181818,1
ID_KJNAWN,Jonglei,Fangak,160298.0,2015,4,Crisis,20.0,881.5454545454545,-19500.81818181818,1
ID_GA41IZ,Jonglei,Fangak,160298.0,2015,5,Emergency,64.9,881.5454545454545,-19500.81818181818,1
ID_XTNSRT,Jonglei,Fangak,160298.0,2015,8,Emergency,69.9,881.5454545454545,-19500.81818181818,1
ID_WLXDSC,Jonglei,Fangak,160298.0,2015,10,Crisis,49.9,881.5454545454545,-19500.81818181818,1
ID_4E5HRD,Jonglei,Fangak,163175.0,2016,1,Crisis,34.9,881.5454545454545,-19500.81818181818,1
ID_U4XSZJ,Jonglei,Fangak,163175.0,2016,4,Crisis,39.8,881.5454545454545,-19500.81818181818,1
ID_NVC7HR,Jonglei,Fangak,163175.0,2016,5,Crisis,54.5,881.5454545454545,-19500.81818181818,1
ID_6C2CU7,Jonglei,Fangak,163175.0,2016,8,Crisis,54.5,881.5454545454545,-19500.81818181818,0
ID_ONZ3JB,Jonglei,Fangak,163175.0,2016,10,Stressed,14.7,881.5454545454545,-19500.81818181818,0
ID_CK88D0,Jonglei,Fangak,166051.0,2017,1,Stressed,9.8,740.0,-17219.0,1
ID_TGSIWG,Jonglei,Fangak,166051.0,2017,2,Crisis,50.0,740.0,-17219.0,1
ID_0ODWMQ,Jonglei,Fangak,166051.0,2017,5,Crisis,60.2,740.0,-17219.0,1
ID_X5GGOM,Jonglei,Fangak,166051.0,2017,6,Crisis,60.2,740.0,-17219.0,1
ID_F9PML9,Jonglei,Fangak,210183.0,2017,9,Crisis,50.0,740.0,-17219.0,1
ID_LN1P0V,Jonglei,Fangak,210183.0,2017,10,Emergency,75.2,740.0,-17219.0,1
ID_UH17J8,Jonglei,Fangak,172406.0,2018,1,Crisis,75.2,1308.0,-22506.0,1
ID_QO09VS,Jonglei,Fangak,172406.0,2018,2,Crisis,59.7,1308.0,-22506.0,1
ID_9KKH4A,Jonglei,Fangak,172406.0,2018,5,Emergency,80.0,1308.0,-22506.0,1
ID_3YJTU7,Jonglei,Fangak,172406.0,2018,9,Emergency,85.3,1308.0,-22506.0,1
ID_FBMENU,Jonglei,Fangak,172406.0,2018,10,Emergency,65.0,1308.0,-22506.0,1
ID_I3DO70,Jonglei,Fangak,178906.0,2019,1,Crisis,60.3,805.0,-18729.0,1
ID_02G3YU,Jonglei,Fangak,193053.0,2019,8,Emergency,79.9,805.0,-18729.0,1
ID_6VK0UC,Jonglei,Fangak,193053.0,2019,9,Crisis,60.1,805.0,-18729.0,1
ID_C1M3O5,Jonglei,Fangak,193053.0,2020,1,Crisis,40.4,835.0,-19435.0,1
ID_5IXVA1,Jonglei,Fangak,195312.0,2020,1,Emergency,65.3,835.0,-19435.0,1
ID_NKBTFS,Jonglei,Fangak,193053.0,2020,2,Crisis,55.3,835.0,-19435.0,1
ID_HB0OQV,Jonglei,Fangak,193053.0,2020,5,Emergency,69.9,835.0,-19435.0,1
ID_SHKOEC,Jonglei,Fangak,196576.0,2022,2,Emergency,75.1,633.0,-20872.0,1
ID_UBODS1,Jonglei,Fangak,196576.0,2022,4,Emergency,85.5,633.0,-20872.0,1
ID_EEURXH,Jonglei,Fangak,196950.0,2022,10,Emergency,90.0,633.0,-20872.0,1
ID_W0IC1L,Jonglei,Fangak,196950.0,2022,12,Emergency,80.2,633.0,-20872.0,1
ID_7DYPML,Jonglei,Fangak,196950.0,2023,4,Emergency,80.2,782.0,-21368.0,1
ID_VAK9W9,Jonglei,Fangak,109657.0,2023,9,Emergency,90.4,782.0,-21368.0,1
ID_PFB3HN,Jonglei,Fangak,109657.0,2023,12,Emergency,64.7,782.0,-21368.0,1
ID_14EB87,Jonglei,Fangak,109657.0,2024,4,Emergency,70.2,564.0,-11860.0,1
ID_53AYEQ,Jonglei,Fangak,202858.0,2024,9,Emergency,74.8,564.0,-11860.0,1
ID_AHTHSJ,Jonglei,Fangak,146288.0,2024,12,Emergency,58.2,564.0,-11860.0,1
ID_R0FZAU,Jonglei,Fangak,148548.0,2025,4,Emergency,64.9,1232.0,-21752.0,1
ID_XBGK2W,Jonglei,Nyirol,134394.0,2014,10,Crisis,44.6,2038.5263157894735,-15475.078947368422,1
ID_BXANJ4,Jonglei,Nyirol,136849.0,2015,1,Crisis,35.0,2038.5263157894735,-15475.078947368422,1
ID_X5A5XI,Jonglei,Nyirol,136849.0,2015,4,Emergency,39.5,2038.5263157894735,-15475.078947368422,1
ID_N9DL5T,Jonglei,Nyirol,136849.0,2015,5,Crisis,55.5,2038.5263157894735,-15475.078947368422,1
ID_GSQ7AI,Jonglei,Nyirol,136849.0,2015,8,Crisis,70.2,2038.5263157894735,-15475.078947368422,1
ID_TMOFMM,Jonglei,Nyirol,136849.0,2015,10,Crisis,55.5,2038.5263157894735,-15475.078947368422,0
ID_WI9S3W,Jonglei,Nyirol,139305.0,2016,1,Stressed,15.3,2502.0,-13259.0,1
ID_563BTK,Jonglei,Nyirol,139305.0,2016,4,Crisis,20.1,2502.0,-13259.0,1
ID_F6XDN8,Jonglei,Nyirol,139305.0,2016,5,Crisis,35.2,2502.0,-13259.0,1
ID_WWIIF8,Jonglei,Nyirol,139305.0,2016,8,Crisis,45.2,2502.0,-13259.0,0
ID_6LTHET,Jonglei,Nyirol,139305.0,2016,10,Stressed,15.1,2502.0,-13259.0,0
ID_25LZSE,Jonglei,Nyirol,141760.0,2017,1,Stressed,15.1,2360.0,-12510.0,1
ID_99F77L,Jonglei,Nyirol,141760.0,2017,2,Crisis,60.0,2360.0,-12510.0,1
ID_U8EL50,Jonglei,Nyirol,141760.0,2017,5,Crisis,69.8,2360.0,-12510.0,1
ID_15OOP7,Jonglei,Nyirol,141760.0,2017,6,Emergency,69.8,2360.0,-12510.0,1
ID_67J2DG,Jonglei,Nyirol,169493.0,2017,9,Emergency,60.0,2360.0,-12510.0,1
ID_1WJUII,Jonglei,Nyirol,169493.0,2017,10,Emergency,69.6,2360.0,-12510.0,1
ID_YMYRSV,Jonglei,Nyirol,174578.0,2018,1,Emergency,70.2,2667.0,-16537.0,1
ID_ZN4REG,Jonglei,Nyirol,174578.0,2018,2,Emergency,65.3,2667.0,-16537.0,1
ID_B1AJO0,Jonglei,Nyirol,174578.0,2018,5,Emergency,80.2,2667.0,-16537.0,1
ID_91C795,Jonglei,Nyirol,174578.0,2018,9,Emergency,89.9,2667.0,-16537.0,1
ID_RLQIOB,Jonglei,Nyirol,174578.0,2018,10,Crisis,59.6,2667.0,-16537.0,1
ID_0NLW0V,Jonglei,Nyirol,181159.0,2019,1,Crisis,55.0,2747.0,-17033.0,1
ID_S52SQ3,Jonglei,Nyirol,132312.0,2019,8,Emergency,70.1,2747.0,-17033.0,1
ID_B9SO0U,Jonglei,Nyirol,132312.0,2019,9,Emergency,80.1,2747.0,-17033.0,1
ID_SWBKOK,Jonglei,Nyirol,132312.0,2020,1,Crisis,70.3,2138.0,-18388.0,1
ID_3QPWBS,Jonglei,Nyirol,134542.0,2020,1,Emergency,74.8,2138.0,-18388.0,1
ID_F3Q0E2,Jonglei,Nyirol,132312.0,2020,2,Emergency,75.1,2138.0,-18388.0,1
ID_7ZEOQG,Jonglei,Nyirol,132312.0,2020,5,Emergency,80.1,2138.0,-18388.0,1
ID_VZHQJY,Jonglei,Nyirol,142246.0,2022,2,Emergency,84.6,1361.0,-20415.0,1
ID_62ZEEQ,Jonglei,Nyirol,142246.0,2022,4,Emergency,75.2,1361.0,-20415.0,1
ID_NSN2S8,Jonglei,Nyirol,142516.0,2022,10,Emergency,80.1,1361.0,-20415.0,1
ID_NN16UX,Jonglei,Nyirol,142516.0,2022,12,Emergency,75.1,1361.0,-20415.0,1
ID_F5GZPL,Jonglei,Nyirol,142516.0,2023,4,Emergency,65.3,1902.0,-20527.0,1
ID_1QWEEH,Jonglei,Nyirol,63180.0,2023,9,Emergency,75.1,1902.0,-20527.0,1
ID_WJQ4TA,Jonglei,Nyirol,63180.0,2023,12,Emergency,74.4,1902.0,-20527.0,1
ID_5IVROC,Jonglei,Nyirol,63180.0,2024,4,Emergency,74.4,601.0,-6558.0,1
ID_VITWU3,Jonglei,Nyirol,146792.0,2024,9,Emergency,80.7,601.0,-6558.0,1
ID_BFXB4Y,Jonglei,Nyirol,144354.0,2024,12,Emergency,79.7,601.0,-6558.0,1
ID_4K7BPG,Jonglei,Nyirol,146584.0,2025,4,Emergency,60.3,1559.0,-15073.0,1
ID_YVYV2G,Jonglei,Pibor,168674.0,2014,10,Stressed,14.8,2766.99609375,-16228.9140625,0
ID_QU7DKN,Jonglei,Pibor,171756.0,2015,1,Stressed,14.8,2766.99609375,-16228.9140625,0
ID_NCPTKE,Jonglei,Pibor,171756.0,2015,4,Stressed,15.1,2766.99609375,-16228.9140625,0
ID_ZJSSZW,Jonglei,Pibor,171756.0,2015,5,Stressed,15.1,2766.99609375,-16228.9140625,0
ID_D0W9RY,Jonglei,Pibor,171756.0,2015,8,Stressed,15.1,2766.99609375,-16228.9140625,0
ID_79KVLS,Jonglei,Pibor,171756.0,2015,10,Stressed,15.1,2766.99609375,-16228.9140625,0
ID_9MEUSW,Jonglei,Pibor,174839.0,2016,1,Stressed,15.1,2766.99609375,-16228.9140625,1
ID_RGVZ9A,Jonglei,Pibor,174839.0,2016,4,Crisis,29.7,2766.99609375,-16228.9140625,1
ID_AWE429,Jonglei,Pibor,174839.0,2016,5,Crisis,49.8,2766.99609375,-16228.9140625,1
ID_OMUWAH,Jonglei,Pibor,174839.0,2016,8,Crisis,54.9,2766.99609375,-16228.9140625,0
ID_K2LSLA,Jonglei,Pibor,174839.0,2016,10,Stressed,14.9,2766.99609375,-16228.9140625,0
ID_YM0WBG,Jonglei,Pibor,177920.0,2017,1,Stressed,14.9,2766.99609375,-16228.9140625,1
ID_LMY62X,Jonglei,Pibor,177920.0,2017,2,Crisis,20.2,2766.99609375,-16228.9140625,1
ID_RW6TM2,Jonglei,Pibor,177920.0,2017,5,Crisis,39.9,2766.99609375,-16228.9140625,1
ID_O04K0L,Jonglei,Pibor,177920.0,2017,6,Emergency,75.3,2766.99609375,-16228.9140625,1
ID_THY25M,Jonglei,Pibor,185701.0,2017,9,Crisis,50.0,2766.99609375,-16228.9140625,1
ID_8KB9W4,Jonglei,Pibor,185701.0,2017,10,Emergency,70.0,2766.99609375,-16228.9140625,1
ID_UOV51Z,Jonglei,Pibor,191272.0,2018,1,Emergency,65.2,2766.99609375,-16228.9140625,1
ID_LBORIQ,Jonglei,Pibor,191272.0,2018,2,Emergency,60.1,2766.99609375,-16228.9140625,1
ID_8HKE22,Jonglei,Pibor,191272.0,2018,5,Emergency,74.8,2766.99609375,-16228.9140625,1
ID_6PARSG,Jonglei,Pibor,191272.0,2018,9,Emergency,85.7,2766.99609375,-16228.9140625,1
ID_70S1F5,Jonglei,Pibor,191272.0,2018,10,Emergency,85.2,2766.99609375,-16228.9140625,1
ID_37YE0Q,Jonglei,Pibor,198483.0,2019,1,Emergency,80.0,2766.99609375,-16228.9140625,1
ID_ZSA7YV,Jonglei,Pibor,204879.0,2019,8,Emergency,90.2,2766.99609375,-16228.9140625,1
ID_DQBSXL,Jonglei,Pibor,204879.0,2019,9,Emergency,75.2,2766.99609375,-16228.9140625,1
ID_UL6LGJ,Jonglei,Pibor,204879.0,2020,1,Crisis,64.9,2766.99609375,-16228.9140625,1
ID_LPEFJA,Jonglei,Pibor,207925.0,2020,1,Emergency,69.8,2766.99609375,-16228.9140625,1
ID_WSHMLF,Jonglei,Pibor,204879.0,2020,2,Emergency,75.0,2766.99609375,-16228.9140625,1
ID_ZKICWM,Jonglei,Pibor,204879.0,2020,5,Emergency,69.8,2766.99609375,-16228.9140625,1
ID_PEQYDB,Jonglei,Pibor,227855.0,2022,2,Emergency,64.9,2766.99609375,-16228.9140625,1
ID_PGVV4Z,Jonglei,Pibor,227855.0,2022,4,Emergency,84.7,2766.99609375,-16228.9140625,1
ID_WL3ZYT,Jonglei,Pibor,228287.0,2022,10,Emergency,90.0,2766.99609375,-16228.9140625,1
ID_91QE37,Jonglei,Pibor,228287.0,2022,12,Emergency,74.9,2766.99609375,-16228.9140625,1
ID_QQYZQI,Jonglei,Pibor,228287.0,2023,4,Emergency,74.9,2766.99609375,-16228.9140625,1
ID_I4W6OZ,Jonglei,Pibor,219744.0,2023,9,Emergency,80.2,2766.99609375,-16228.9140625,1
ID_X25QBR,Jonglei,Pibor,219744.0,2023,12,Emergency,75.1,2766.99609375,-16228.9140625,1
ID_MQG1VE,Jonglei,Pibor,219744.0,2024,4,Emergency,65.1,2766.99609375,-16228.9140625,1
ID_D32LX2,Jonglei,Pibor,235136.0,2024,9,Emergency,80.1,2766.99609375,-16228.9140625,1
ID_TOOWT9,Jonglei,Pibor,197222.0,2024,12,Emergency,77.4,2766.99609375,-16228.9140625,1
ID_NM3V2P,Jonglei,Pibor,200269.0,2025,4,Emergency,75.0,2766.99609375,-16228.9140625,1
ID_2TIXC7,Jonglei,Pochalla,84599.0,2014,10,Crisis,18.9,2766.99609375,-16228.9140625,1
ID_URVQT3,Jonglei,Pochalla,86088.0,2015,1,Crisis,24.8,2766.99609375,-16228.9140625,0
ID_G8CD31,Jonglei,Pochalla,86088.0,2015,4,Stressed,15.1,2766.99609375,-16228.9140625,0
ID_NRXD35,Jonglei,Pochalla,86088.0,2015,5,Stressed,15.1,2766.99609375,-16228.9140625,0
ID_6WAFFT,Jonglei,Pochalla,86088.0,2015,8,Stressed,15.1,2766.99609375,-16228.9140625,1
ID_OUHYLU,Jonglei,Pochalla,86088.0,2015,10,Crisis,24.4,2766.99609375,-16228.9140625,0
ID_6K7P9M,Jonglei,Pochalla,87579.0,2016,1,Stressed,15.1,2766.99609375,-16228.9140625,0
ID_DA9OEK,Jonglei,Pochalla,87579.0,2016,4,Stressed,14.8,2766.99609375,-16228.9140625,1
ID_NTBZ3M,Jonglei,Pochalla,87579.0,2016,5,Crisis,40.0,2766.99609375,-16228.9140625,1
ID_55IZOL,Jonglei,Pochalla,87579.0,2016,8,Crisis,35.4,2766.99609375,-16228.9140625,0
ID_NNTXRG,Jonglei,Pochalla,87579.0,2016,10,Stressed,14.8,2766.99609375,-16228.9140625,0
ID_N74F9Y,Jonglei,Pochalla,89068.0,2017,1,Stressed,10.3,2766.99609375,-16228.9140625,1
ID_ECAZRP,Jonglei,Pochalla,89068.0,2017,2,Crisis,20.2,2766.99609375,-16228.9140625,0
ID_9DXOQ2,Jonglei,Pochalla,89068.0,2017,5,Stressed,14.6,2766.99609375,-16228.9140625,1
ID_VPGSTQ,Jonglei,Pochalla,89068.0,2017,6,Crisis,24.7,2766.99609375,-16228.9140625,0
ID_MGVU4I,Jonglei,Pochalla,79145.0,2017,9,Stressed,14.6,2766.99609375,-16228.9140625,1
ID_SOTN9U,Jonglei,Pochalla,79145.0,2017,10,Crisis,60.6,2766.99609375,-16228.9140625,1
ID_ZERYF0,Jonglei,Pochalla,81520.0,2018,1,Crisis,35.4,2766.99609375,-16228.9140625,0
ID_992QC6,Jonglei,Pochalla,81520.0,2018,2,Stressed,9.8,2766.99609375,-16228.9140625,0
ID_DR08CW,Jonglei,Pochalla,81520.0,2018,5,Stressed,14.7,2766.99609375,-16228.9140625,1
ID_2LBM2Q,Jonglei,Pochalla,81520.0,2018,9,Crisis,29.4,2766.99609375,-16228.9140625,1
ID_SQ0P82,Jonglei,Pochalla,81520.0,2018,10,Crisis,19.6,2766.99609375,-16228.9140625,0
ID_KB700U,Jonglei,Pochalla,84593.0,2019,1,Stressed,9.8,2766.99609375,-16228.9140625,0
ID_CRGB93,Jonglei,Pochalla,75210.0,2019,8,Stressed,4.7,2766.99609375,-16228.9140625,1
ID_WKCS4K,Jonglei,Pochalla,75210.0,2019,9,Crisis,19.9,2766.99609375,-16228.9140625,0
ID_EK4AEG,Jonglei,Pochalla,75210.0,2020,1,Stressed,10.6,2766.99609375,-16228.9140625,1
ID_VFQ3JZ,Jonglei,Pochalla,76568.0,2020,1,Crisis,39.9,2766.99609375,-16228.9140625,1
ID_R25MDF,Jonglei,Pochalla,75210.0,2020,2,Crisis,30.0,2766.99609375,-16228.9140625,1
ID_7FR91I,Jonglei,Pochalla,75210.0,2020,5,Crisis,45.2,2766.99609375,-16228.9140625,1
ID_PWH0MX,Jonglei,Pochalla,79411.0,2022,2,Crisis,55.8,2766.99609375,-16228.9140625,1
ID_1EGOK0,Jonglei,Pochalla,79411.0,2022,4,Crisis,40.3,2766.99609375,-16228.9140625,1
ID_1TNZRF,Jonglei,Pochalla,79562.0,2022,10,Crisis,50.4,2766.99609375,-16228.9140625,1
ID_5A7QY8,Jonglei,Pochalla,79562.0,2022,12,Crisis,45.2,2766.99609375,-16228.9140625,1
ID_YB7W8P,Jonglei,Pochalla,79562.0,2023,4,Crisis,40.2,2766.99609375,-16228.9140625,1
ID_74MJDX,Jonglei,Pochalla,20357.0,2023,9,Crisis,60.3,2766.99609375,-16228.9140625,1
ID_O100VH,Jonglei,Pochalla,20357.0,2023,12,Crisis,63.9,2766.99609375,-16228.9140625,1
ID_MYGTY3,Jonglei,Pochalla,20357.0,2024,4,Crisis,49.1,2766.99609375,-16228.9140625,1
ID_ADDQHK,Jonglei,Pochalla,81949.0,2024,9,Crisis,58.9,2766.99609375,-16228.9140625,1
ID_GAD7X4,Jonglei,Pochalla,87936.0,2024,12,Crisis,54.9,2766.99609375,-16228.9140625,1
ID_8WZE4E,Jonglei,Pochalla,89295.0,2025,4,Crisis,44.4,2766.99609375,-16228.9140625,1
ID_X6U86Z,Jonglei,Twic East,122734.0,2014,10,Crisis,29.3,2766.99609375,-16228.9140625,1
ID_JQ7W7J,Jonglei,Twic East,124977.0,2015,1,Crisis,35.0,2766.99609375,-16228.9140625,1
ID_P61LFC,Jonglei,Twic East,124977.0,2015,4,Crisis,35.2,2766.99609375,-16228.9140625,1
ID_1NLC8J,Jonglei,Twic East,124977.0,2015,5,Crisis,55.2,2766.99609375,-16228.9140625,1
ID_PR7VGR,Jonglei,Twic East,124977.0,2015,8,Crisis,64.8,2766.99609375,-16228.9140625,1
ID_F1HX6Z,Jonglei,Twic East,124977.0,2015,10,Crisis,49.6,2766.99609375,-16228.9140625,1
ID_DCUJQ6,Jonglei,Twic East,127220.0,2016,1,Crisis,34.4,2766.99609375,-16228.9140625,1
ID_FX7XJZ,Jonglei,Twic East,127220.0,2016,4,Crisis,40.1,2766.99609375,-16228.9140625,1
ID_6US7RP,Jonglei,Twic East,127220.0,2016,5,Crisis,21.2,2766.99609375,-16228.9140625,0
ID_422TA8,Jonglei,Twic East,127220.0,2016,8,Stressed,18.1,2766.99609375,-16228.9140625,0
ID_3RU7MY,Jonglei,Twic East,127220.0,2016,10,Stressed,14.9,2766.99609375,-16228.9140625,0
ID_OW8DT8,Jonglei,Twic East,129462.0,2017,1,Stressed,14.9,2766.99609375,-16228.9140625,1
ID_CQ1XGB,Jonglei,Twic East,129462.0,2017,2,Crisis,34.8,2766.99609375,-16228.9140625,1
ID_NGZ6WM,Jonglei,Twic East,129462.0,2017,5,Crisis,54.8,2766.99609375,-16228.9140625,1
ID_DW0FGZ,Jonglei,Twic East,129462.0,2017,6,Emergency,60.2,2766.99609375,-16228.9140625,1
ID_VRCTLT,Jonglei,Twic East,116641.0,2017,9,Crisis,64.9,2766.99609375,-16228.9140625,1
ID_4Q9BC2,Jonglei,Twic East,116641.0,2017,10,Emergency,54.9,2766.99609375,-16228.9140625,1
ID_BE3YQY,Jonglei,Twic East,120140.0,2018,1,Crisis,40.3,2766.99609375,-16228.9140625,1
ID_5FU7BF,Jonglei,Twic East,120140.0,2018,2,Crisis,59.9,2766.99609375,-16228.9140625,1
ID_XQ7BZE,Jonglei,Twic East,120140.0,2018,5,Emergency,64.9,2766.99609375,-16228.9140625,1
ID_GBL2QG,Jonglei,Twic East,120140.0,2018,9,Emergency,74.9,2766.99609375,-16228.9140625,1
ID_V3DR2H,Jonglei,Twic East,120140.0,2018,10,Crisis,59.9,2766.99609375,-16228.9140625,1
ID_2P39YL,Jonglei,Twic East,124669.0,2019,1,Crisis,44.9,2766.99609375,-16228.9140625,1
ID_9UE421,Jonglei,Twic East,118957.0,2019,8,Emergency,65.0,2766.99609375,-16228.9140625,1
ID_VMEFOZ,Jonglei,Twic East,118957.0,2019,9,Crisis,69.8,2766.99609375,-16228.9140625,1
ID_TP7BD4,Jonglei,Twic East,118957.0,2020,1,Crisis,45.4,2766.99609375,-16228.9140625,1
ID_W1ARAG,Jonglei,Twic East,120708.0,2020,1,Crisis,60.5,2766.99609375,-16228.9140625,1
ID_DX5O31,Jonglei,Twic East,118957.0,2020,2,Crisis,49.7,2766.99609375,-16228.9140625,1
ID_YHXSO7,Jonglei,Twic East,118957.0,2020,5,Emergency,65.6,2766.99609375,-16228.9140625,1
ID_VBGR8W,Jonglei,Twic East,124117.0,2022,2,Emergency,70.6,2766.99609375,-16228.9140625,1
ID_2MAIET,Jonglei,Twic East,124117.0,2022,4,Emergency,74.9,2766.99609375,-16228.9140625,1
ID_DN1TH1,Jonglei,Twic East,124352.0,2022,10,Emergency,80.6,2766.99609375,-16228.9140625,1
ID_XJG2Y8,Jonglei,Twic East,124352.0,2022,12,Emergency,70.0,2766.99609375,-16228.9140625,1
ID_RGYBXK,Jonglei,Twic East,124352.0,2023,4,Emergency,60.3,2766.99609375,-16228.9140625,1
ID_PM21B0,Jonglei,Twic East,51269.0,2023,9,Emergency,75.6,2766.99609375,-16228.9140625,1
ID_7G2RE6,Jonglei,Twic East,51269.0,2023,12,Crisis,50.7,2766.99609375,-16228.9140625,1
ID_ZVLHYL,Jonglei,Twic East,51269.0,2024,4,Crisis,39.0,2766.99609375,-16228.9140625,1
ID_2LD05N,Jonglei,Twic East,128083.0,2024,9,Crisis,50.7,2766.99609375,-16228.9140625,1
ID_HQR6F7,Jonglei,Twic East,113371.0,2024,12,Emergency,58.6,2766.99609375,-16228.9140625,1
ID_QNEZW9,Jonglei,Twic East,115122.0,2025,4,Emergency,65.3,2766.99609375,-16228.9140625,1
ID_HEYCE4,Jonglei,Uror,201811.0,2014,10,Crisis,45.1,2766.99609375,-16228.9140625,1
ID_QGM5V2,Jonglei,Uror,205498.0,2015,1,Crisis,34.7,2766.99609375,-16228.9140625,1
ID_WWG84D,Jonglei,Uror,205498.0,2015,4,Emergency,44.8,2766.99609375,-16228.9140625,1
ID_4R9V4K,Jonglei,Uror,205498.0,2015,5,Crisis,59.9,2766.99609375,-16228.9140625,1
ID_00ILU6,Jonglei,Uror,205498.0,2015,8,Crisis,70.1,2766.99609375,-16228.9140625,1
ID_VFUA9B,Jonglei,Uror,205498.0,2015,10,Crisis,50.1,2766.99609375,-16228.9140625,1
ID_Q1BTR2,Jonglei,Uror,209186.0,2016,1,Crisis,60.3,2766.99609375,-16228.9140625,1
ID_3QIUA0,Jonglei,Uror,209186.0,2016,4,Crisis,40.2,2766.99609375,-16228.9140625,1
ID_8EKXDR,Jonglei,Uror,209186.0,2016,5,Crisis,20.1,2766.99609375,-16228.9140625,1
ID_KZ40AQ,Jonglei,Uror,209186.0,2016,8,Crisis,20.1,2766.99609375,-16228.9140625,0
ID_15O2NQ,Jonglei,Uror,209186.0,2016,10,Stressed,14.8,2766.99609375,-16228.9140625,0
ID_W4C6LB,Jonglei,Uror,212873.0,2017,1,Stressed,10.0,2766.99609375,-16228.9140625,1
ID_PJ8T22,Jonglei,Uror,212873.0,2017,2,Crisis,59.7,2766.99609375,-16228.9140625,1
ID_C50B8Y,Jonglei,Uror,212873.0,2017,5,Crisis,70.0,2766.99609375,-16228.9140625,1
ID_5DNWNG,Jonglei,Uror,212873.0,2017,6,Emergency,79.9,2766.99609375,-16228.9140625,1
ID_UCZH9I,Jonglei,Uror,190600.0,2017,9,Emergency,90.2,2766.99609375,-16228.9140625,1
ID_ER7U8H,Jonglei,Uror,190600.0,2017,10,Emergency,75.0,2766.99609375,-16228.9140625,1
ID_0IMJYJ,Jonglei,Uror,196318.0,2018,1,Emergency,69.8,2766.99609375,-16228.9140625,1
ID_CMRSEZ,Jonglei,Uror,196318.0,2018,2,Emergency,65.2,2766.99609375,-16228.9140625,1
ID_YTKW28,Jonglei,Uror,196318.0,2018,5,Emergency,80.5,2766.99609375,-16228.9140625,1
ID_37C6QC,Jonglei,Uror,196318.0,2018,9,Emergency,85.6,2766.99609375,-16228.9140625,1
ID_6K8DJZ,Jonglei,Uror,196318.0,2018,10,Crisis,65.2,2766.99609375,-16228.9140625,1
ID_R5SWK8,Jonglei,Uror,203719.0,2019,1,Crisis,55.0,2766.99609375,-16228.9140625,1
ID_TEMPXK,Jonglei,Uror,182012.0,2019,8,Crisis,70.2,2766.99609375,-16228.9140625,1
ID_C5I8XO,Jonglei,Uror,182012.0,2019,9,Crisis,45.1,2766.99609375,-16228.9140625,1
ID_MXLVZ4,Jonglei,Uror,182012.0,2020,1,Crisis,30.2,2766.99609375,-16228.9140625,1
ID_QKE2GJ,Jonglei,Uror,185676.0,2020,1,Emergency,64.8,2766.99609375,-16228.9140625,1
ID_R81BMQ,Jonglei,Uror,182012.0,2020,2,Crisis,35.0,2766.99609375,-16228.9140625,1
ID_F7ZK94,Jonglei,Uror,182012.0,2020,5,Emergency,69.8,2766.99609375,-16228.9140625,1
ID_YXFIBL,Jonglei,Uror,195919.0,2022,2,Emergency,75.3,2766.99609375,-16228.9140625,1
ID_EJGUBL,Jonglei,Uror,195919.0,2022,4,Emergency,75.0,2766.99609375,-16228.9140625,1
ID_MNTFK7,Jonglei,Uror,196292.0,2022,10,Emergency,80.1,2766.99609375,-16228.9140625,1
ID_ORFQLA,Jonglei,Uror,196292.0,2022,12,Emergency,70.3,2766.99609375,-16228.9140625,1
ID_09LZRK,Jonglei,Uror,196292.0,2023,4,Emergency,65.2,2766.99609375,-16228.9140625,1
ID_79UFU6,Jonglei,Uror,115296.0,2023,9,Emergency,75.4,2766.99609375,-16228.9140625,1
ID_PY06FT,Jonglei,Uror,115296.0,2023,12,Emergency,74.6,2766.99609375,-16228.9140625,1
ID_LO4QDB,Jonglei,Uror,115296.0,2024,4,Emergency,59.8,2766.99609375,-16228.9140625,1
ID_XVH7KA,Jonglei,Uror,202180.0,2024,9,Emergency,65.0,2766.99609375,-16228.9140625,1
ID_TQYDSH,Jonglei,Uror,237130.0,2024,12,Crisis,40.1,2766.99609375,-16228.9140625,1
ID_LV76MF,Jonglei,Uror,240794.0,2025,4,Emergency,59.9,2766.99609375,-16228.9140625,1
ID_4NNKM9,Lakes,Awerial,57081.0,2014,10,Crisis,24.5,12261.315789473683,-2231.6052631578946,0
ID_5D0P92,Lakes,Awerial,58123.0,2015,1,Stressed,10.5,12261.315789473683,-2231.6052631578946,1
ID_K38P6F,Lakes,Awerial,58123.0,2015,4,Crisis,20.6,12261.315789473683,-2231.6052631578946,1
ID_VDHR59,Lakes,Awerial,58123.0,2015,5,Crisis,44.7,12261.315789473683,-2231.6052631578946,1
ID_C81DO6,Lakes,Awerial,58123.0,2015,8,Crisis,46.5,12261.315789473683,-2231.6052631578946,1
ID_OUZ1EG,Lakes,Awerial,58123.0,2015,10,Crisis,25.8,12261.315789473683,-2231.6052631578946,0
ID_NTB34K,Lakes,Awerial,59166.0,2016,1,Stressed,10.3,8258.0,-4000.0,0
ID_UQAAJ8,Lakes,Awerial,59166.0,2016,4,Stressed,10.1,8258.0,-4000.0,0
ID_4RX6PR,Lakes,Awerial,59166.0,2016,5,Stressed,15.2,8258.0,-4000.0,0
ID_YIEJ9C,Lakes,Awerial,59166.0,2016,8,Stressed,15.2,8258.0,-4000.0,0
ID_0UU5WR,Lakes,Awerial,59166.0,2016,10,Stressed,16.9,8258.0,-4000.0,0
ID_YESU4F,Lakes,Awerial,60209.0,2017,1,Stressed,5.1,5833.0,-827.0,0
ID_CL5EFJ,Lakes,Awerial,60209.0,2017,2,Stressed,14.9,5833.0,-827.0,0
ID_P6MKT7,Lakes,Awerial,60209.0,2017,5,Stressed,14.9,5833.0,-827.0,1
ID_S1GD1T,Lakes,Awerial,60209.0,2017,6,Crisis,39.9,5833.0,-827.0,1
ID_53YKYY,Lakes,Awerial,121487.0,2017,9,Crisis,49.8,5833.0,-827.0,1
ID_DU3ASN,Lakes,Awerial,121487.0,2017,10,Emergency,49.4,5833.0,-827.0,1
ID_RM6DFH,Lakes,Awerial,146865.0,2018,1,Crisis,19.8,11128.0,-2636.0,1
ID_G6W3ST,Lakes,Awerial,146865.0,2018,2,Crisis,44.9,11128.0,-2636.0,1
ID_T1EQC3,Lakes,Awerial,146865.0,2018,5,Emergency,54.5,11128.0,-2636.0,1
ID_7RLN36,Lakes,Awerial,146865.0,2018,9,Emergency,65.4,11128.0,-2636.0,1
ID_V1MZB3,Lakes,Awerial,146865.0,2018,10,Emergency,79.7,11128.0,-2636.0,1
ID_I4FIEE,Lakes,Awerial,152402.0,2019,1,Emergency,64.7,13452.0,-3188.0,1
ID_CY2C11,Lakes,Awerial,132875.0,2019,8,Emergency,65.0,13452.0,-3188.0,1
ID_BD2SCE,Lakes,Awerial,132875.0,2019,9,Crisis,50.4,13452.0,-3188.0,1
ID_JCY127,Lakes,Awerial,132875.0,2020,1,Crisis,40.6,12564.0,-4703.0,1
ID_H6GMD4,Lakes,Awerial,133840.0,2020,1,Crisis,54.9,12564.0,-4703.0,1
ID_78MFS0,Lakes,Awerial,132875.0,2020,2,Crisis,50.1,12564.0,-4703.0,1
ID_IUDUAH,Lakes,Awerial,132875.0,2020,5,Crisis,60.2,12564.0,-4703.0,1
ID_GK6T9D,Lakes,Awerial,139638.0,2022,2,Emergency,65.5,10696.0,-7623.0,1
ID_HSZNVP,Lakes,Awerial,139638.0,2022,4,Crisis,50.1,10696.0,-7623.0,1
ID_8GMNHI,Lakes,Awerial,139903.0,2022,10,Crisis,55.1,10696.0,-7623.0,1
ID_E9EDE1,Lakes,Awerial,139903.0,2022,12,Crisis,60.0,10696.0,-7623.0,1
ID_ZUBLEK,Lakes,Awerial,139903.0,2023,4,Crisis,55.0,16525.0,-2343.0,1
ID_VL9PTK,Lakes,Awerial,144680.0,2023,9,Emergency,65.0,16525.0,-2343.0,1
ID_4GC4RY,Lakes,Awerial,144680.0,2023,12,Crisis,49.8,16525.0,-2343.0,1
ID_G9RDPX,Lakes,Awerial,144680.0,2024,4,Crisis,44.9,17108.0,716.0,1
ID_DFOVD7,Lakes,Awerial,144100.0,2024,9,Emergency,65.0,17108.0,716.0,1
ID_9C9MV9,Lakes,Awerial,62486.0,2024,12,Crisis,42.3,17108.0,716.0,1
ID_E40KZU,Lakes,Awerial,63451.0,2025,4,Crisis,40.0,19353.0,3026.0,1
ID_J2XORV,Lakes,Cueibet,174464.0,2014,10,Crisis,25.2,27524.815789473683,5078.289473684211,0
ID_ORK1DJ,Lakes,Cueibet,177652.0,2015,1,Stressed,5.2,27524.815789473683,5078.289473684211,0
ID_RWEDBC,Lakes,Cueibet,177652.0,2015,4,Stressed,15.2,27524.815789473683,5078.289473684211,1
ID_Y8NYFW,Lakes,Cueibet,177652.0,2015,5,Crisis,55.2,27524.815789473683,5078.289473684211,1
ID_DC112H,Lakes,Cueibet,177652.0,2015,8,Crisis,65.3,27524.815789473683,5078.289473684211,1
ID_XRJM4T,Lakes,Cueibet,177652.0,2015,10,Crisis,40.0,27524.815789473683,5078.289473684211,0
ID_8BP6NL,Lakes,Cueibet,180840.0,2016,1,Stressed,15.2,22104.0,1907.0,0
ID_NQBU4K,Lakes,Cueibet,180840.0,2016,4,Stressed,14.9,22104.0,1907.0,1
ID_ZREZRD,Lakes,Cueibet,180840.0,2016,5,Crisis,29.9,22104.0,1907.0,1
ID_YXYUR4,Lakes,Cueibet,180840.0,2016,8,Crisis,34.8,22104.0,1907.0,1
ID_SOR8WM,Lakes,Cueibet,180840.0,2016,10,Crisis,24.9,22104.0,1907.0,0
ID_9LBB4M,Lakes,Cueibet,184027.0,2017,1,Stressed,14.9,24500.0,4148.0,0
ID_0A6MDM,Lakes,Cueibet,184027.0,2017,2,Stressed,14.7,24500.0,4148.0,1
ID_MMXIXV,Lakes,Cueibet,184027.0,2017,5,Crisis,29.9,24500.0,4148.0,1
ID_6CKMAL,Lakes,Cueibet,184027.0,2017,6,Crisis,25.0,24500.0,4148.0,1
ID_Q5U6JZ,Lakes,Cueibet,181891.0,2017,9,Crisis,39.7,24500.0,4148.0,1
ID_V9NOU3,Lakes,Cueibet,181891.0,2017,10,Emergency,44.5,24500.0,4148.0,1
ID_DYMS1M,Lakes,Cueibet,187348.0,2018,1,Crisis,29.7,24809.0,4201.0,1
ID_WNPR42,Lakes,Cueibet,187348.0,2018,2,Crisis,40.0,24809.0,4201.0,1
ID_4TKB9O,Lakes,Cueibet,187348.0,2018,5,Crisis,44.8,24809.0,4201.0,1
ID_I0D4DM,Lakes,Cueibet,187348.0,2018,9,Crisis,44.8,24809.0,4201.0,1
ID_C2RH2X,Lakes,Cueibet,187348.0,2018,10,Emergency,80.1,24809.0,4201.0,1
ID_K2PTHO,Lakes,Cueibet,194411.0,2019,1,Crisis,65.1,21294.0,68.0,1
ID_WQ1GAZ,Lakes,Cueibet,173715.0,2019,8,Crisis,75.1,21294.0,68.0,1
ID_5UH80Q,Lakes,Cueibet,173715.0,2019,9,Emergency,59.9,21294.0,68.0,1
ID_7TW1PU,Lakes,Cueibet,173715.0,2020,1,Crisis,49.5,26516.0,4489.0,1
ID_WSNFFY,Lakes,Cueibet,176131.0,2020,1,Crisis,59.9,26516.0,4489.0,1
ID_KPL3CH,Lakes,Cueibet,173715.0,2020,2,Crisis,54.5,26516.0,4489.0,1
ID_O3XJVO,Lakes,Cueibet,173715.0,2020,5,Crisis,70.2,26516.0,4489.0,1
ID_EGI3QU,Lakes,Cueibet,183326.0,2022,2,Crisis,74.8,25787.0,2419.0,1
ID_PXBFEJ,Lakes,Cueibet,183326.0,2022,4,Emergency,64.9,25787.0,2419.0,1
ID_2XG48R,Lakes,Cueibet,183675.0,2022,10,Emergency,74.7,25787.0,2419.0,1
ID_A4DV56,Lakes,Cueibet,183675.0,2022,12,Crisis,60.4,25787.0,2419.0,1
ID_ONXD70,Lakes,Cueibet,183675.0,2023,4,Crisis,49.5,32328.0,8259.0,1
ID_FE07S3,Lakes,Cueibet,296845.0,2023,9,Emergency,59.9,32328.0,8259.0,1
ID_87J5IE,Lakes,Cueibet,296845.0,2023,12,Crisis,55.2,32328.0,8259.0,1
ID_3LVO0I,Lakes,Cueibet,296845.0,2024,4,Crisis,40.1,47431.0,13798.0,1
ID_PFG8PJ,Lakes,Cueibet,189185.0,2024,9,Emergency,54.9,47431.0,13798.0,1
ID_VRN8LP,Lakes,Cueibet,156416.0,2024,12,Crisis,49.7,47431.0,13798.0,1
ID_Y857NZ,Lakes,Cueibet,158833.0,2025,4,Crisis,30.0,29253.0,7818.0,1
ID_3A8V4X,Lakes,Rumbek Centre,235054.0,2014,10,Stressed,14.9,13603.605263157897,-14193.736842105263,0
ID_7Y2ITL,Lakes,Rumbek Centre,239349.0,2015,1,Stressed,5.1,13603.605263157897,-14193.736842105263,0
ID_8N3E54,Lakes,Rumbek Centre,239349.0,2015,4,Stressed,10.0,13603.605263157897,-14193.736842105263,1
ID_N6O9JD,Lakes,Rumbek Centre,239349.0,2015,5,Crisis,45.1,13603.605263157897,-14193.736842105263,1
ID_3IH66W,Lakes,Rumbek Centre,239349.0,2015,8,Crisis,50.6,13603.605263157897,-14193.736842105263,1
ID_51OB53,Lakes,Rumbek Centre,239349.0,2015,10,Crisis,25.1,13603.605263157897,-14193.736842105263,0
ID_7QO4Z5,Lakes,Rumbek Centre,243644.0,2016,1,Stressed,15.0,9971.0,-16893.0,0
ID_33ZSMV,Lakes,Rumbek Centre,243644.0,2016,4,Stressed,15.2,9971.0,-16893.0,0
ID_30QABX,Lakes,Rumbek Centre,243644.0,2016,5,Stressed,15.2,9971.0,-16893.0,1
ID_W2EOWL,Lakes,Rumbek Centre,243644.0,2016,8,Crisis,20.1,9971.0,-16893.0,1
ID_CFS831,Lakes,Rumbek Centre,243644.0,2016,10,Crisis,20.1,9971.0,-16893.0,1
ID_4Y2LR0,Lakes,Rumbek Centre,247939.0,2017,1,Crisis,20.1,12680.0,-14925.0,1
ID_JY32HO,Lakes,Rumbek Centre,247939.0,2017,2,Crisis,25.0,12680.0,-14925.0,1
ID_G585I8,Lakes,Rumbek Centre,247939.0,2017,5,Crisis,45.2,12680.0,-14925.0,1
ID_7XW69H,Lakes,Rumbek Centre,247939.0,2017,6,Crisis,30.2,12680.0,-14925.0,1
ID_ZGOPJD,Lakes,Rumbek Centre,252179.0,2017,9,Crisis,45.2,12680.0,-14925.0,1
ID_N8EZP7,Lakes,Rumbek Centre,252179.0,2017,10,Emergency,39.7,12680.0,-14925.0,1
ID_QYEZG5,Lakes,Rumbek Centre,259745.0,2018,1,Crisis,19.8,11666.0,-16907.0,1
ID_2KRE4V,Lakes,Rumbek Centre,259745.0,2018,2,Crisis,50.0,11666.0,-16907.0,1
ID_9KYPOF,Lakes,Rumbek Centre,259745.0,2018,5,Emergency,50.0,11666.0,-16907.0,1
ID_KJW6NY,Lakes,Rumbek Centre,259745.0,2018,9,Emergency,60.1,11666.0,-16907.0,1
ID_QAELYY,Lakes,Rumbek Centre,259745.0,2018,10,Crisis,65.1,11666.0,-16907.0,1
ID_ZZ0JDC,Lakes,Rumbek Centre,269537.0,2019,1,Crisis,50.0,13109.0,-16321.0,1
ID_LI6978,Lakes,Rumbek Centre,203118.0,2019,8,Crisis,50.1,13109.0,-16321.0,1
ID_V0BJWK,Lakes,Rumbek Centre,203118.0,2019,9,Crisis,54.6,13109.0,-16321.0,1
ID_ON8UUJ,Lakes,Rumbek Centre,203118.0,2020,1,Crisis,44.8,13603.0,-16936.0,1
ID_S75ELT,Lakes,Rumbek Centre,206269.0,2020,1,Crisis,49.7,13603.0,-16936.0,1
ID_FEBE54,Lakes,Rumbek Centre,203118.0,2020,2,Crisis,55.3,13603.0,-16936.0,1
ID_07K5W1,Lakes,Rumbek Centre,203118.0,2020,5,Crisis,54.6,13603.0,-16936.0,1
ID_JL6L91,Lakes,Rumbek Centre,215607.0,2022,2,Crisis,59.6,13529.0,-18870.0,1
ID_F4X2BF,Lakes,Rumbek Centre,215607.0,2022,4,Crisis,45.0,13529.0,-18870.0,1
ID_IBJZP9,Lakes,Rumbek Centre,216017.0,2022,10,Emergency,59.8,13529.0,-18870.0,1
ID_7BMZRR,Lakes,Rumbek Centre,216017.0,2022,12,Crisis,54.6,13529.0,-18870.0,1
ID_45ED5G,Lakes,Rumbek Centre,216017.0,2023,4,Crisis,45.4,17316.0,-16055.0,1
ID_GSJ6VV,Lakes,Rumbek Centre,134572.0,2023,9,Emergency,59.7,17316.0,-16055.0,1
ID_8SUOC1,Lakes,Rumbek Centre,134572.0,2023,12,Crisis,60.2,17316.0,-16055.0,1
ID_Y5AYYO,Lakes,Rumbek Centre,134572.0,2024,4,Crisis,49.8,11036.0,-4211.0,1
ID_V84FC3,Lakes,Rumbek Centre,222497.0,2024,9,Emergency,60.2,11036.0,-4211.0,1
ID_XQ8VA8,Lakes,Rumbek Centre,203964.0,2024,12,Crisis,50.3,11036.0,-4211.0,1
ID_X8L008,Lakes,Rumbek Centre,207114.0,2025,4,Crisis,39.7,19221.0,-5989.0,1
ID_UHBXLB,Lakes,Rumbek East,185554.0,2014,10,Stressed,15.1,20011.68421052632,-3483.1052631578946,0
ID_C8NOG8,Lakes,Rumbek East,188945.0,2015,1,Stressed,4.9,20011.68421052632,-3483.1052631578946,0
ID_5D4F2K,Lakes,Rumbek East,188945.0,2015,4,Stressed,10.1,20011.68421052632,-3483.1052631578946,1
ID_1XERP3,Lakes,Rumbek East,188945.0,2015,5,Crisis,55.0,20011.68421052632,-3483.1052631578946,1
ID_LYEX3S,Lakes,Rumbek East,188945.0,2015,8,Crisis,54.5,20011.68421052632,-3483.1052631578946,1
ID_R5RUP1,Lakes,Rumbek East,188945.0,2015,10,Crisis,24.9,20011.68421052632,-3483.1052631578946,0
ID_3WPPBM,Lakes,Rumbek East,192334.0,2016,1,Stressed,14.8,14397.0,-6891.0,0
ID_QIYFRW,Lakes,Rumbek East,192334.0,2016,4,Stressed,15.1,14397.0,-6891.0,0
ID_SKP6RF,Lakes,Rumbek East,192334.0,2016,5,Stressed,15.1,14397.0,-6891.0,0
ID_E64SKB,Lakes,Rumbek East,192334.0,2016,8,Stressed,15.1,14397.0,-6891.0,1
ID_CBDPDX,Lakes,Rumbek East,192334.0,2016,10,Crisis,19.8,14397.0,-6891.0,0
ID_UJJCSE,Lakes,Rumbek East,195725.0,2017,1,Stressed,15.1,16790.0,-5001.0,0
ID_XGGOC5,Lakes,Rumbek East,195725.0,2017,2,Stressed,15.3,16790.0,-5001.0,1
ID_KVQYWJ,Lakes,Rumbek East,195725.0,2017,5,Crisis,30.1,16790.0,-5001.0,1
ID_85GG0V,Lakes,Rumbek East,195725.0,2017,6,Crisis,30.1,16790.0,-5001.0,1
ID_5DTAEG,Lakes,Rumbek East,205394.0,2017,9,Crisis,40.4,16790.0,-5001.0,1
ID_RY58VR,Lakes,Rumbek East,205394.0,2017,10,Emergency,39.9,16790.0,-5001.0,1
ID_W9MYYO,Lakes,Rumbek East,211555.0,2018,1,Crisis,20.0,17931.0,-5340.0,1
ID_KEAEA8,Lakes,Rumbek East,211555.0,2018,2,Crisis,35.0,17931.0,-5340.0,1
ID_4HXXPW,Lakes,Rumbek East,211555.0,2018,5,Crisis,40.2,17931.0,-5340.0,1
ID_2GKQRA,Lakes,Rumbek East,211555.0,2018,9,Emergency,49.6,17931.0,-5340.0,1
ID_FFZ8Q4,Lakes,Rumbek East,211555.0,2018,10,Emergency,70.0,17931.0,-5340.0,1
ID_VHU4BA,Lakes,Rumbek East,219531.0,2019,1,Crisis,54.8,18468.0,-5501.0,1
ID_WZ940V,Lakes,Rumbek East,167548.0,2019,8,Crisis,65.1,18468.0,-5501.0,1
ID_TKRRVW,Lakes,Rumbek East,167548.0,2019,9,Emergency,55.5,18468.0,-5501.0,1
ID_Y3RZTP,Lakes,Rumbek East,167548.0,2020,1,Crisis,40.0,20762.0,-4111.0,1
ID_LC6PRR,Lakes,Rumbek East,170068.0,2020,1,Crisis,59.7,20762.0,-4111.0,1
ID_7MZAKG,Lakes,Rumbek East,167548.0,2020,2,Crisis,55.3,20762.0,-4111.0,1
ID_MIH6MV,Lakes,Rumbek East,167548.0,2020,5,Crisis,65.1,20762.0,-4111.0,1
ID_4XEKZ8,Lakes,Rumbek East,174560.0,2022,2,Emergency,70.4,17602.0,-8786.0,1
ID_3Y0224,Lakes,Rumbek East,174560.0,2022,4,Crisis,49.8,17602.0,-8786.0,1
ID_WK0YEH,Lakes,Rumbek East,174891.0,2022,10,Emergency,60.2,17602.0,-8786.0,1
ID_VDO9KH,Lakes,Rumbek East,174891.0,2022,12,Crisis,54.9,17602.0,-8786.0,1
ID_BA5MF3,Lakes,Rumbek East,174891.0,2023,4,Crisis,54.9,23560.0,-3619.0,1
ID_6BCPWE,Lakes,Rumbek East,227972.0,2023,9,Emergency,65.2,23560.0,-3619.0,1
ID_IJMMB5,Lakes,Rumbek East,227972.0,2023,12,Crisis,50.0,23560.0,-3619.0,1
ID_JFYSYZ,Lakes,Rumbek East,227972.0,2024,4,Crisis,50.0,30693.0,4864.0,1
ID_7PQ4DD,Lakes,Rumbek East,180138.0,2024,9,Emergency,65.4,30693.0,4864.0,1
ID_V283BD,Lakes,Rumbek East,163160.0,2024,12,Crisis,46.1,30693.0,4864.0,1
ID_W56FKP,Lakes,Rumbek East,165681.0,2025,4,Crisis,49.6,24549.0,4139.0,1
ID_S0DXME,Lakes,Rumbek North,53320.0,2014,10,Crisis,20.6,3202.9473684210525,-3940.9736842105262,0
ID_4PO1I3,Lakes,Rumbek North,54294.0,2015,1,Stressed,9.4,3202.9473684210525,-3940.9736842105262,0
ID_MSDN1M,Lakes,Rumbek North,54294.0,2015,4,Stressed,9.2,3202.9473684210525,-3940.9736842105262,1
ID_XF1PI2,Lakes,Rumbek North,54294.0,2015,5,Crisis,55.3,3202.9473684210525,-3940.9736842105262,1
ID_OOQ42N,Lakes,Rumbek North,54294.0,2015,8,Crisis,68.1,3202.9473684210525,-3940.9736842105262,1
ID_BFA37D,Lakes,Rumbek North,54294.0,2015,10,Crisis,46.0,3202.9473684210525,-3940.9736842105262,0
ID_L9FC1X,Lakes,Rumbek North,55268.0,2016,1,Stressed,14.7,2198.0,-3487.0,0
ID_X6CWZX,Lakes,Rumbek North,55268.0,2016,4,Stressed,14.5,2198.0,-3487.0,1
ID_SKOYTK,Lakes,Rumbek North,55268.0,2016,5,Crisis,25.3,2198.0,-3487.0,1
ID_06AKT7,Lakes,Rumbek North,55268.0,2016,8,Crisis,30.8,2198.0,-3487.0,1
ID_ZQHT2X,Lakes,Rumbek North,55268.0,2016,10,Crisis,25.3,2198.0,-3487.0,0
ID_Z52OHK,Lakes,Rumbek North,56243.0,2017,1,Stressed,14.5,3178.0,-3084.0,1
ID_BM00E9,Lakes,Rumbek North,56243.0,2017,2,Crisis,24.9,3178.0,-3084.0,1
ID_KDTS1F,Lakes,Rumbek North,56243.0,2017,5,Crisis,39.1,3178.0,-3084.0,1
ID_B2VI10,Lakes,Rumbek North,56243.0,2017,6,Crisis,30.2,3178.0,-3084.0,1
ID_9DCNWM,Lakes,Rumbek North,59392.0,2017,9,Crisis,40.9,3178.0,-3084.0,1
ID_BXEK0Q,Lakes,Rumbek North,59392.0,2017,10,Emergency,50.5,3178.0,-3084.0,1
ID_929U6W,Lakes,Rumbek North,61173.0,2018,1,Crisis,40.4,4098.0,-2631.0,1
ID_TVMK2Z,Lakes,Rumbek North,61173.0,2018,2,Crisis,49.0,4098.0,-2631.0,1
ID_YZSILU,Lakes,Rumbek North,61173.0,2018,5,Crisis,53.9,4098.0,-2631.0,1
ID_3NDZ3C,Lakes,Rumbek North,61173.0,2018,9,Emergency,65.4,4098.0,-2631.0,1
ID_C5RQNS,Lakes,Rumbek North,61173.0,2018,10,Emergency,68.7,4098.0,-2631.0,1
ID_VSOJRP,Lakes,Rumbek North,63480.0,2019,1,Emergency,53.9,4221.0,-2710.0,1
ID_P7R93F,Lakes,Rumbek North,70174.0,2019,8,Crisis,61.4,4221.0,-2710.0,1
ID_EZEZ5E,Lakes,Rumbek North,70174.0,2019,9,Emergency,59.9,4221.0,-2710.0,1
ID_HR07N8,Lakes,Rumbek North,70174.0,2020,1,Crisis,39.9,2555.0,-4637.0,1
ID_VOEUBF,Lakes,Rumbek North,71064.0,2020,1,Emergency,71.3,2555.0,-4637.0,1
ID_N9KR2F,Lakes,Rumbek North,70174.0,2020,2,Crisis,54.9,2555.0,-4637.0,1
ID_VB66H3,Lakes,Rumbek North,70174.0,2020,5,Emergency,75.5,2555.0,-4637.0,1
ID_REM5PU,Lakes,Rumbek North,72723.0,2022,2,Emergency,75.5,2108.0,-5522.0,1
ID_U62RZV,Lakes,Rumbek North,72723.0,2022,4,Emergency,64.6,2108.0,-5522.0,1
ID_1SQQQ5,Lakes,Rumbek North,72861.0,2022,10,Emergency,75.6,2108.0,-5522.0,1
ID_L2XOIO,Lakes,Rumbek North,72861.0,2022,12,Crisis,64.5,2108.0,-5522.0,1
ID_T860X5,Lakes,Rumbek North,72861.0,2023,4,Crisis,60.4,2389.0,-5470.0,1
ID_ZU2ZUE,Lakes,Rumbek North,73963.0,2023,9,Emergency,64.5,2389.0,-5470.0,1
ID_UGWUBU,Lakes,Rumbek North,73963.0,2023,12,Crisis,64.9,2389.0,-5470.0,1
ID_GR6E7G,Lakes,Rumbek North,73963.0,2024,4,Crisis,59.5,4196.0,-4184.0,1
ID_A2IZ5P,Lakes,Rumbek North,75047.0,2024,9,Emergency,64.9,4196.0,-4184.0,1
ID_3VOB5A,Lakes,Rumbek North,57662.0,2024,12,Crisis,41.3,4196.0,-4184.0,1
ID_PO4LJE,Lakes,Rumbek North,58553.0,2025,4,Crisis,50.3,4624.0,-3879.0,1
ID_DGFJDL,Lakes,Wulu,72320.0,2014,10,Minimal,5.5,13790.868421052632,5052.3421052631575,0
ID_OGWLAC,Lakes,Wulu,73642.0,2015,1,Minimal,0.0,13790.868421052632,5052.3421052631575,0
ID_OLOLN3,Lakes,Wulu,73642.0,2015,4,Stressed,5.4,13790.868421052632,5052.3421052631575,0
ID_EH1VR1,Lakes,Wulu,73642.0,2015,5,Stressed,14.9,13790.868421052632,5052.3421052631575,0
ID_NECQOR,Lakes,Wulu,73642.0,2015,8,Stressed,14.9,13790.868421052632,5052.3421052631575,0
ID_OI5J8Y,Lakes,Wulu,73642.0,2015,10,Stressed,14.9,13790.868421052632,5052.3421052631575,0
ID_IT2KOD,Lakes,Wulu,74963.0,2016,1,Minimal,5.4,9766.0,1797.0,0
ID_WH8N92,Lakes,Wulu,74963.0,2016,4,Stressed,5.3,9766.0,1797.0,0
ID_TP6QAQ,Lakes,Wulu,74963.0,2016,5,Stressed,9.3,9766.0,1797.0,0
ID_3K8A7R,Lakes,Wulu,74963.0,2016,8,Stressed,9.3,9766.0,1797.0,0
ID_V4NMWV,Lakes,Wulu,74963.0,2016,10,Stressed,9.3,9766.0,1797.0,0
ID_SB0UKO,Lakes,Wulu,76284.0,2017,1,Minimal,5.3,11103.0,2610.0,0
ID_EFUKPV,Lakes,Wulu,76284.0,2017,2,Minimal,5.2,11103.0,2610.0,0
ID_8LYMJ1,Lakes,Wulu,76284.0,2017,5,Stressed,14.4,11103.0,2610.0,0
ID_QI9MQV,Lakes,Wulu,76284.0,2017,6,Stressed,14.4,11103.0,2610.0,0
ID_AYXAR6,Lakes,Wulu,68164.0,2017,9,Stressed,14.4,11103.0,2610.0,1
ID_YO6Z1T,Lakes,Wulu,68164.0,2017,10,Crisis,24.9,11103.0,2610.0,0
ID_2XCB3Y,Lakes,Wulu,74568.0,2018,1,Stressed,14.7,9254.0,1531.0,1
ID_YM33MG,Lakes,Wulu,74568.0,2018,2,Crisis,25.5,9254.0,1531.0,1
ID_1ZAQ7Q,Lakes,Wulu,74568.0,2018,5,Crisis,29.5,9254.0,1531.0,1
ID_HAK7MD,Lakes,Wulu,74568.0,2018,9,Crisis,40.2,9254.0,1531.0,1
ID_WKZIRN,Lakes,Wulu,74568.0,2018,10,Crisis,59.0,9254.0,1531.0,1
ID_K6ZHH3,Lakes,Wulu,77379.0,2019,1,Crisis,34.9,11044.0,2595.0,1
ID_O5URTX,Lakes,Wulu,82446.0,2019,8,Crisis,29.7,11044.0,2595.0,1
ID_UYUCEC,Lakes,Wulu,82446.0,2019,9,Crisis,44.9,11044.0,2595.0,0
ID_JUIS2G,Lakes,Wulu,82446.0,2020,1,Stressed,14.6,13371.0,4604.0,0
ID_Y9YTJU,Lakes,Wulu,83278.0,2020,1,Stressed,9.7,13371.0,4604.0,0
ID_Q7X7B7,Lakes,Wulu,82446.0,2020,2,Stressed,14.4,13371.0,4604.0,0
ID_P9JYQN,Lakes,Wulu,82446.0,2020,5,Stressed,14.6,13371.0,4604.0,1
ID_15IKPQ,Lakes,Wulu,89057.0,2022,2,Crisis,19.4,14269.0,4968.0,1
ID_AHCUA0,Lakes,Wulu,89057.0,2022,4,Crisis,44.9,14269.0,4968.0,1
ID_9PCIFL,Lakes,Wulu,89226.0,2022,10,Crisis,50.5,14269.0,4968.0,1
ID_WDR3VW,Lakes,Wulu,89226.0,2022,12,Crisis,44.8,14269.0,4968.0,1
ID_MJDIMB,Lakes,Wulu,89226.0,2023,4,Crisis,39.2,15828.0,6248.0,1
ID_M271W1,Lakes,Wulu,69428.0,2023,9,Crisis,54.9,15828.0,6248.0,1
ID_WUDCBL,Lakes,Wulu,69428.0,2023,12,Crisis,54.7,15828.0,6248.0,1
ID_4CE7PK,Lakes,Wulu,69428.0,2024,4,Crisis,44.7,15933.0,8067.0,1
ID_WCYUKN,Lakes,Wulu,91903.0,2024,9,Crisis,49.0,15933.0,8067.0,1
ID_D1IVXA,Lakes,Wulu,53863.0,2024,12,Crisis,40.3,15933.0,8067.0,0
ID_N25WM7,Lakes,Wulu,54695.0,2025,4,Stressed,14.9,22872.0,12459.0,1
ID_2QLGDV,Lakes,Yirol East,119394.0,2014,10,Crisis,20.1,13509.842105263158,-1202.421052631579,0
ID_C2GUWJ,Lakes,Yirol East,121575.0,2015,1,Stressed,5.0,13509.842105263158,-1202.421052631579,0
ID_P0QI2C,Lakes,Yirol East,121575.0,2015,4,Stressed,4.9,13509.842105263158,-1202.421052631579,1
ID_LP81L5,Lakes,Yirol East,121575.0,2015,5,Crisis,45.2,13509.842105263158,-1202.421052631579,1
ID_1FLMNA,Lakes,Yirol East,121575.0,2015,8,Crisis,50.2,13509.842105263158,-1202.421052631579,1
ID_VYCS44,Lakes,Yirol East,121575.0,2015,10,Crisis,40.3,13509.842105263158,-1202.421052631579,0
ID_PHH62M,Lakes,Yirol East,123756.0,2016,1,Stressed,14.8,10449.0,-3804.0,0
ID_YZ9VLU,Lakes,Yirol East,123756.0,2016,4,Stressed,9.7,10449.0,-3804.0,1
ID_8WPFQ2,Lakes,Yirol East,123756.0,2016,5,Crisis,25.0,10449.0,-3804.0,1
ID_BHAIIW,Lakes,Yirol East,123756.0,2016,8,Crisis,29.9,10449.0,-3804.0,1
ID_I08L0H,Lakes,Yirol East,123756.0,2016,10,Crisis,25.0,10449.0,-3804.0,0
ID_G9NCBE,Lakes,Yirol East,125938.0,2017,1,Stressed,9.7,11916.0,-2054.0,0
ID_KGV1BB,Lakes,Yirol East,125938.0,2017,2,Stressed,15.1,11916.0,-2054.0,1
ID_HG5ZMT,Lakes,Yirol East,125938.0,2017,5,Crisis,39.7,11916.0,-2054.0,1
ID_GA46AY,Lakes,Yirol East,125938.0,2017,6,Crisis,24.6,11916.0,-2054.0,1
ID_N2D7KI,Lakes,Yirol East,131970.0,2017,9,Crisis,39.7,11916.0,-2054.0,1
ID_3X7995,Lakes,Yirol East,131970.0,2017,10,Emergency,50.0,11916.0,-2054.0,1
ID_5CF72G,Lakes,Yirol East,110778.0,2018,1,Crisis,19.7,12753.0,-2200.0,1
ID_NNV9IB,Lakes,Yirol East,110778.0,2018,2,Crisis,39.7,12753.0,-2200.0,1
ID_WGT2LB,Lakes,Yirol East,110778.0,2018,5,Crisis,50.6,12753.0,-2200.0,1
ID_25485H,Lakes,Yirol East,110778.0,2018,9,Emergency,55.1,12753.0,-2200.0,1
ID_CQXCS1,Lakes,Yirol East,110778.0,2018,10,Emergency,84.9,12753.0,-2200.0,1
ID_XSRQLN,Lakes,Yirol East,114954.0,2019,1,Emergency,69.5,10705.0,-1847.0,1
ID_ZZRJO7,Lakes,Yirol East,150222.0,2019,8,Emergency,64.4,10705.0,-1847.0,1
ID_VBHH5O,Lakes,Yirol East,150222.0,2019,9,Emergency,80.5,10705.0,-1847.0,1
ID_L5U7NT,Lakes,Yirol East,150222.0,2020,1,Crisis,50.6,12119.0,-906.0,1
ID_EDQMVQ,Lakes,Yirol East,151605.0,2020,1,Crisis,59.9,12119.0,-906.0,1
ID_WPQO2L,Lakes,Yirol East,150222.0,2020,2,Crisis,55.4,12119.0,-906.0,1
ID_NGIXMC,Lakes,Yirol East,150222.0,2020,5,Emergency,65.2,12119.0,-906.0,1
ID_4SX27D,Lakes,Yirol East,160371.0,2022,2,Emergency,75.2,10714.0,-3104.0,1
ID_CBHHLK,Lakes,Yirol East,160371.0,2022,4,Crisis,44.9,10714.0,-3104.0,1
ID_3YJZ99,Lakes,Yirol East,160675.0,2022,10,Emergency,54.9,10714.0,-3104.0,1
ID_106AK3,Lakes,Yirol East,160675.0,2022,12,Crisis,54.8,10714.0,-3104.0,1
ID_2OOUXQ,Lakes,Yirol East,160675.0,2023,4,Crisis,54.8,13596.0,-636.0,1
ID_S1FOI0,Lakes,Yirol East,136988.0,2023,9,Emergency,64.7,13596.0,-636.0,1
ID_RS210Q,Lakes,Yirol East,136988.0,2023,12,Crisis,45.3,13596.0,-636.0,1
ID_2LG1ZH,Lakes,Yirol East,136988.0,2024,4,Crisis,45.3,18235.0,2714.0,1
ID_QUNUE7,Lakes,Yirol East,165495.0,2024,9,Emergency,54.7,18235.0,2714.0,1
ID_A34MPY,Lakes,Yirol East,89531.0,2024,12,Crisis,45.3,18235.0,2714.0,1
ID_O2TLA2,Lakes,Yirol East,90915.0,2025,4,Crisis,34.6,22544.0,3793.0,1
ID_7F8LWV,Lakes,Yirol West,158658.0,2014,10,Stressed,15.1,25190.947368421053,5297.526315789473,0
ID_V59HOT,Lakes,Yirol West,161556.0,2015,1,Stressed,5.0,25190.947368421053,5297.526315789473,0
ID_GDUQ6D,Lakes,Yirol West,161556.0,2015,4,Stressed,5.0,25190.947368421053,5297.526315789473,1
ID_DTBYRG,Lakes,Yirol West,161556.0,2015,5,Crisis,55.1,25190.947368421053,5297.526315789473,1
ID_C8KIXC,Lakes,Yirol West,161556.0,2015,8,Crisis,47.0,25190.947368421053,5297.526315789473,1
ID_CSG4OF,Lakes,Yirol West,161556.0,2015,10,Crisis,24.8,25190.947368421053,5297.526315789473,0
ID_DTRC85,Lakes,Yirol West,164455.0,2016,1,Stressed,14.9,14121.0,-3773.0,0
ID_EHPZRV,Lakes,Yirol West,164455.0,2016,4,Stressed,9.7,14121.0,-3773.0,1
ID_7VSYJA,Lakes,Yirol West,164455.0,2016,5,Crisis,29.8,14121.0,-3773.0,1
ID_FCO3S6,Lakes,Yirol West,164455.0,2016,8,Crisis,24.9,14121.0,-3773.0,1
ID_5QU0K5,Lakes,Yirol West,164455.0,2016,10,Crisis,20.1,14121.0,-3773.0,0
ID_QZZKW3,Lakes,Yirol West,167354.0,2017,1,Stressed,9.7,20209.0,1585.0,0
ID_GI60Q6,Lakes,Yirol West,167354.0,2017,2,Stressed,14.9,20209.0,1585.0,0
ID_GUO8I5,Lakes,Yirol West,167354.0,2017,5,Stressed,14.9,20209.0,1585.0,1
ID_JWK6Z0,Lakes,Yirol West,167354.0,2017,6,Crisis,24.5,20209.0,1585.0,1
ID_HR9T9C,Lakes,Yirol West,168679.0,2017,9,Crisis,29.9,20209.0,1585.0,1
ID_D1LQJS,Lakes,Yirol West,168679.0,2017,10,Emergency,40.3,20209.0,1585.0,1
ID_QCZ0N0,Lakes,Yirol West,173739.0,2018,1,Crisis,20.2,20738.0,1626.0,1
ID_4OAE7L,Lakes,Yirol West,173739.0,2018,2,Crisis,40.3,20738.0,1626.0,1
ID_0RCTI8,Lakes,Yirol West,173739.0,2018,5,Crisis,44.9,20738.0,1626.0,1
ID_F34GAD,Lakes,Yirol West,173739.0,2018,9,Emergency,59.9,20738.0,1626.0,1
ID_KTOC1Y,Lakes,Yirol West,173739.0,2018,10,Emergency,75.4,20738.0,1626.0,1
ID_FMHBYH,Lakes,Yirol West,180289.0,2019,1,Crisis,59.9,23302.0,3617.0,1
ID_Z43XZ6,Lakes,Yirol West,157655.0,2019,8,Crisis,54.9,23302.0,3617.0,1
ID_OLBA11,Lakes,Yirol West,157655.0,2019,9,Emergency,55.2,23302.0,3617.0,1
ID_7NIDP9,Lakes,Yirol West,157655.0,2020,1,Crisis,34.9,28210.0,7783.0,1
ID_MGYH52,Lakes,Yirol West,159773.0,2020,1,Crisis,40.0,28210.0,7783.0,1
ID_3GGODL,Lakes,Yirol West,157655.0,2020,2,Crisis,50.1,28210.0,7783.0,1
ID_UGHT7E,Lakes,Yirol West,157655.0,2020,5,Crisis,45.0,28210.0,7783.0,1
ID_HMGOLO,Lakes,Yirol West,174472.0,2022,2,Crisis,60.3,26639.0,4968.0,1
ID_QC3XNC,Lakes,Yirol West,174472.0,2022,4,Crisis,55.0,26639.0,4968.0,1
ID_HKV9DT,Lakes,Yirol West,174804.0,2022,10,Emergency,65.3,26639.0,4968.0,1
ID_94G8V9,Lakes,Yirol West,174804.0,2022,12,Crisis,60.1,26639.0,4968.0,1
ID_ZY9YLW,Lakes,Yirol West,174804.0,2023,4,Crisis,54.9,30826.0,8504.0,1
ID_5L4RMV,Lakes,Yirol West,181026.0,2023,9,Emergency,60.1,30826.0,8504.0,1
ID_VNXIV9,Lakes,Yirol West,181026.0,2023,12,Crisis,49.7,30826.0,8504.0,1
ID_IW6L01,Lakes,Yirol West,181026.0,2024,4,Crisis,54.7,34862.0,14351.0,1
ID_WCNKFH,Lakes,Yirol West,180048.0,2024,9,Emergency,59.7,34862.0,14351.0,1
ID_B7V80L,Lakes,Yirol West,137069.0,2024,12,Crisis,41.1,34862.0,14351.0,1
ID_KX1S9X,Lakes,Yirol West,139187.0,2025,4,Crisis,50.3,33171.0,12771.0,1
ID_KA4LIT,Northern Bahr El Ghazal,Aweil Centre,106524.0,2014,10,Stressed,13.1,9772.105263157897,-2646.1052631578946,0
ID_6XIYZV,Northern Bahr El Ghazal,Aweil Centre,108470.0,2015,1,Stressed,9.4,9772.105263157897,-2646.1052631578946,0
ID_NLPA5C,Northern Bahr El Ghazal,Aweil Centre,108470.0,2015,4,Stressed,18.4,9772.105263157897,-2646.1052631578946,0
ID_GWFHDV,Northern Bahr El Ghazal,Aweil Centre,108470.0,2015,5,Stressed,13.8,9772.105263157897,-2646.1052631578946,1
ID_37IC0L,Northern Bahr El Ghazal,Aweil Centre,108470.0,2015,8,Crisis,54.4,9772.105263157897,-2646.1052631578946,1
ID_ZIGIKQ,Northern Bahr El Ghazal,Aweil Centre,108470.0,2015,10,Crisis,36.0,9772.105263157897,-2646.1052631578946,0
ID_WJ2C9O,Northern Bahr El Ghazal,Aweil Centre,110416.0,2016,1,Stressed,10.1,11248.0,-883.0,0
ID_GPS013,Northern Bahr El Ghazal,Aweil Centre,110416.0,2016,4,Stressed,9.1,11248.0,-883.0,1
ID_2AN417,Northern Bahr El Ghazal,Aweil Centre,110416.0,2016,5,Crisis,55.2,11248.0,-883.0,1
ID_VF0JQQ,Northern Bahr El Ghazal,Aweil Centre,110416.0,2016,8,Emergency,62.5,11248.0,-883.0,1
ID_NVCEQF,Northern Bahr El Ghazal,Aweil Centre,110416.0,2016,10,Emergency,63.4,11248.0,-883.0,1
ID_GAS0R7,Northern Bahr El Ghazal,Aweil Centre,112363.0,2017,1,Crisis,45.3,11311.0,-1419.0,1
ID_78NRXV,Northern Bahr El Ghazal,Aweil Centre,112363.0,2017,2,Crisis,20.5,11311.0,-1419.0,1
ID_OB7NUG,Northern Bahr El Ghazal,Aweil Centre,112363.0,2017,5,Crisis,55.2,11311.0,-1419.0,1
ID_PJ60SR,Northern Bahr El Ghazal,Aweil Centre,112363.0,2017,6,Crisis,54.3,11311.0,-1419.0,1
ID_YZX70I,Northern Bahr El Ghazal,Aweil Centre,106751.0,2017,9,Crisis,29.4,11311.0,-1419.0,1
ID_B3WYZX,Northern Bahr El Ghazal,Aweil Centre,106751.0,2017,10,Crisis,55.3,11311.0,-1419.0,1
ID_JQYJV8,Northern Bahr El Ghazal,Aweil Centre,109954.0,2018,1,Crisis,50.6,10279.0,-1816.0,1
ID_4A1X7O,Northern Bahr El Ghazal,Aweil Centre,109954.0,2018,2,Crisis,49.1,10279.0,-1816.0,1
ID_V6SGP3,Northern Bahr El Ghazal,Aweil Centre,109954.0,2018,5,Crisis,54.6,10279.0,-1816.0,1
ID_JK8XNL,Northern Bahr El Ghazal,Aweil Centre,109954.0,2018,9,Emergency,60.0,10279.0,-1816.0,1
ID_O50DW1,Northern Bahr El Ghazal,Aweil Centre,109954.0,2018,10,Crisis,40.0,10279.0,-1816.0,0
ID_MF07OL,Northern Bahr El Ghazal,Aweil Centre,114099.0,2019,1,Stressed,14.6,9144.0,-3314.0,1
ID_93ACZS,Northern Bahr El Ghazal,Aweil Centre,79060.0,2019,8,Crisis,39.4,9144.0,-3314.0,1
ID_X0GNZH,Northern Bahr El Ghazal,Aweil Centre,79060.0,2019,9,Crisis,60.7,9144.0,-3314.0,1
ID_G8Q3GC,Northern Bahr El Ghazal,Aweil Centre,79060.0,2020,1,Crisis,40.5,6689.0,-6239.0,1
ID_G1J6OW,Northern Bahr El Ghazal,Aweil Centre,79918.0,2020,1,Crisis,45.5,6689.0,-6239.0,1
ID_W5FKNJ,Northern Bahr El Ghazal,Aweil Centre,79060.0,2020,2,Crisis,50.1,6689.0,-6239.0,1
ID_MVRYDC,Northern Bahr El Ghazal,Aweil Centre,79060.0,2020,5,Crisis,55.7,6689.0,-6239.0,1
ID_1AU9DS,Northern Bahr El Ghazal,Aweil Centre,75973.0,2022,2,Crisis,60.7,9537.0,-4178.0,1
ID_AV917R,Northern Bahr El Ghazal,Aweil Centre,75973.0,2022,4,Crisis,46.1,9537.0,-4178.0,1
ID_MPN693,Northern Bahr El Ghazal,Aweil Centre,76117.0,2022,10,Crisis,59.2,9537.0,-4178.0,1
ID_7XNCML,Northern Bahr El Ghazal,Aweil Centre,76117.0,2022,12,Emergency,64.4,9537.0,-4178.0,1
ID_DQZ05E,Northern Bahr El Ghazal,Aweil Centre,76117.0,2023,4,Crisis,53.9,10914.0,-3212.0,1
ID_V5KZ3N,Northern Bahr El Ghazal,Aweil Centre,124989.0,2023,9,Emergency,69.6,10914.0,-3212.0,1
ID_WXROG9,Northern Bahr El Ghazal,Aweil Centre,124989.0,2023,12,Crisis,24.8,10914.0,-3212.0,1
ID_83AMB3,Northern Bahr El Ghazal,Aweil Centre,124989.0,2024,4,Crisis,29.6,10638.0,-3523.0,1
ID_LPVOWC,Northern Bahr El Ghazal,Aweil Centre,78400.0,2024,9,Crisis,34.4,10638.0,-3523.0,1
ID_P77946,Northern Bahr El Ghazal,Aweil Centre,55560.0,2024,12,Crisis,42.1,10638.0,-3523.0,1
ID_0KHFSU,Northern Bahr El Ghazal,Aweil Centre,56418.0,2025,4,Crisis,19.8,7647.0,-1236.0,1
ID_4SE2KY,Northern Bahr El Ghazal,Aweil East,529098.0,2014,10,Stressed,14.9,35493.07894736842,-27439.13157894737,0
ID_T5GQEX,Northern Bahr El Ghazal,Aweil East,538765.0,2015,1,Stressed,14.9,35493.07894736842,-27439.13157894737,1
ID_IH1XDP,Northern Bahr El Ghazal,Aweil East,538765.0,2015,4,Crisis,25.1,35493.07894736842,-27439.13157894737,0
ID_ZF761H,Northern Bahr El Ghazal,Aweil East,538765.0,2015,5,Stressed,15.0,35493.07894736842,-27439.13157894737,1
ID_JR6EET,Northern Bahr El Ghazal,Aweil East,538765.0,2015,8,Crisis,60.0,35493.07894736842,-27439.13157894737,1
ID_0DY571,Northern Bahr El Ghazal,Aweil East,538765.0,2015,10,Crisis,35.1,35493.07894736842,-27439.13157894737,0
ID_VXNZ0N,Northern Bahr El Ghazal,Aweil East,548433.0,2016,1,Stressed,10.0,39722.0,-21100.0,0
ID_XU43IE,Northern Bahr El Ghazal,Aweil East,548433.0,2016,4,Stressed,10.0,39722.0,-21100.0,1
ID_DD070E,Northern Bahr El Ghazal,Aweil East,548433.0,2016,5,Emergency,50.1,39722.0,-21100.0,1
ID_N48UAC,Northern Bahr El Ghazal,Aweil East,548433.0,2016,8,Emergency,50.1,39722.0,-21100.0,1
ID_T49LNY,Northern Bahr El Ghazal,Aweil East,548433.0,2016,10,Emergency,70.0,39722.0,-21100.0,1
ID_2SVHOT,Northern Bahr El Ghazal,Aweil East,558099.0,2017,1,Emergency,50.1,37965.0,-23586.0,1
ID_QF74RQ,Northern Bahr El Ghazal,Aweil East,558099.0,2017,2,Crisis,55.0,37965.0,-23586.0,1
ID_VFX2ZV,Northern Bahr El Ghazal,Aweil East,558099.0,2017,5,Emergency,65.0,37965.0,-23586.0,1
ID_L9E9ZR,Northern Bahr El Ghazal,Aweil East,558099.0,2017,6,Emergency,75.1,37965.0,-23586.0,1
ID_3RZN9L,Northern Bahr El Ghazal,Aweil East,534909.0,2017,9,Emergency,79.9,37965.0,-23586.0,1
ID_3H03ZB,Northern Bahr El Ghazal,Aweil East,534909.0,2017,10,Crisis,55.0,37965.0,-23586.0,1
ID_5GRO9X,Northern Bahr El Ghazal,Aweil East,550956.0,2018,1,Crisis,50.1,40711.0,-19894.0,1
ID_49TMY9,Northern Bahr El Ghazal,Aweil East,550956.0,2018,2,Crisis,50.1,40711.0,-19894.0,1
ID_1OTKZH,Northern Bahr El Ghazal,Aweil East,550956.0,2018,5,Crisis,65.0,40711.0,-19894.0,1
ID_4OE1U2,Northern Bahr El Ghazal,Aweil East,550956.0,2018,9,Emergency,79.9,40711.0,-19894.0,1
ID_4ZQFEZ,Northern Bahr El Ghazal,Aweil East,550956.0,2018,10,Emergency,60.1,40711.0,-19894.0,1
ID_KFH00A,Northern Bahr El Ghazal,Aweil East,571728.0,2019,1,Crisis,45.0,41933.0,-20490.0,1
ID_0UY9F8,Northern Bahr El Ghazal,Aweil East,335201.0,2019,8,Emergency,60.0,41933.0,-20490.0,1
ID_P47D9G,Northern Bahr El Ghazal,Aweil East,335201.0,2019,9,Emergency,60.0,41933.0,-20490.0,1
ID_B9XV8W,Northern Bahr El Ghazal,Aweil East,335201.0,2020,1,Crisis,50.1,34918.0,-29858.0,1
ID_OBIRY8,Northern Bahr El Ghazal,Aweil East,341561.0,2020,1,Crisis,60.3,34918.0,-29858.0,1
ID_XNY2X1,Northern Bahr El Ghazal,Aweil East,335201.0,2020,2,Crisis,55.0,34918.0,-29858.0,1
ID_5XJXNE,Northern Bahr El Ghazal,Aweil East,335201.0,2020,5,Crisis,65.0,34918.0,-29858.0,1
ID_CRYSAU,Northern Bahr El Ghazal,Aweil East,344885.0,2022,2,Emergency,65.0,41676.0,-27045.0,1
ID_UJ02GR,Northern Bahr El Ghazal,Aweil East,344885.0,2022,4,Emergency,60.0,41676.0,-27045.0,1
ID_XPUDC6,Northern Bahr El Ghazal,Aweil East,345540.0,2022,10,Emergency,69.9,41676.0,-27045.0,1
ID_2G3AUT,Northern Bahr El Ghazal,Aweil East,345540.0,2022,12,Emergency,65.1,41676.0,-27045.0,1
ID_3RSVZ2,Northern Bahr El Ghazal,Aweil East,345540.0,2023,4,Emergency,59.9,31300.0,-39483.0,1
ID_E186GV,Northern Bahr El Ghazal,Aweil East,807040.0,2023,9,Emergency,75.0,31300.0,-39483.0,1
ID_GT2EEH,Northern Bahr El Ghazal,Aweil East,807040.0,2023,12,Emergency,49.9,31300.0,-39483.0,1
ID_FU4B9S,Northern Bahr El Ghazal,Aweil East,807040.0,2024,4,Emergency,54.9,34213.0,-57224.0,1
ID_NTP8AK,Northern Bahr El Ghazal,Aweil East,355906.0,2024,9,Emergency,64.9,34213.0,-57224.0,1
ID_8S2XQU,Northern Bahr El Ghazal,Aweil East,411674.0,2024,12,Emergency,60.1,34213.0,-57224.0,1
ID_ZS9MTH,Northern Bahr El Ghazal,Aweil East,418034.0,2025,4,Crisis,40.1,16460.0,-23864.0,1
ID_D3IGK3,Northern Bahr El Ghazal,Aweil North,267215.0,2014,10,Stressed,10.1,26730.657894736843,-4246.684210526316,0
ID_8VHMEW,Northern Bahr El Ghazal,Aweil North,272097.0,2015,1,Stressed,15.0,26730.657894736843,-4246.684210526316,1
ID_CJN6OC,Northern Bahr El Ghazal,Aweil North,272097.0,2015,4,Crisis,25.0,26730.657894736843,-4246.684210526316,1
ID_JPZTC0,Northern Bahr El Ghazal,Aweil North,272097.0,2015,5,Crisis,50.0,26730.657894736843,-4246.684210526316,1
ID_9ZGNX3,Northern Bahr El Ghazal,Aweil North,272097.0,2015,8,Crisis,55.1,26730.657894736843,-4246.684210526316,1
ID_VPF9PA,Northern Bahr El Ghazal,Aweil North,272097.0,2015,10,Crisis,34.9,26730.657894736843,-4246.684210526316,0
ID_VCEDTC,Northern Bahr El Ghazal,Aweil North,276979.0,2016,1,Stressed,9.9,22784.0,-8214.0,0
ID_XNMJ5I,Northern Bahr El Ghazal,Aweil North,276979.0,2016,4,Stressed,10.1,22784.0,-8214.0,1
ID_AN8ND7,Northern Bahr El Ghazal,Aweil North,276979.0,2016,5,Emergency,49.8,22784.0,-8214.0,1
ID_G0L3RT,Northern Bahr El Ghazal,Aweil North,276979.0,2016,8,Emergency,59.9,22784.0,-8214.0,1
ID_Z5TV6G,Northern Bahr El Ghazal,Aweil North,276979.0,2016,10,Emergency,70.0,22784.0,-8214.0,1
ID_8OM08T,Northern Bahr El Ghazal,Aweil North,281861.0,2017,1,Emergency,70.0,28694.0,575.0,1
ID_V4REAS,Northern Bahr El Ghazal,Aweil North,281861.0,2017,2,Crisis,55.0,28694.0,575.0,1
ID_FEN0B0,Northern Bahr El Ghazal,Aweil North,281861.0,2017,5,Crisis,55.0,28694.0,575.0,1
ID_9ZIVZG,Northern Bahr El Ghazal,Aweil North,281861.0,2017,6,Emergency,60.0,28694.0,575.0,1
ID_92SJP7,Northern Bahr El Ghazal,Aweil North,272120.0,2017,9,Emergency,70.2,28694.0,575.0,1
ID_53K48O,Northern Bahr El Ghazal,Aweil North,272120.0,2017,10,Crisis,59.9,28694.0,575.0,1
ID_LDC08F,Northern Bahr El Ghazal,Aweil North,280284.0,2018,1,Crisis,55.1,29611.0,-1220.0,1
ID_C0TR58,Northern Bahr El Ghazal,Aweil North,280284.0,2018,2,Crisis,54.9,29611.0,-1220.0,1
ID_PS0RS9,Northern Bahr El Ghazal,Aweil North,280284.0,2018,5,Crisis,59.9,29611.0,-1220.0,1
ID_5ZOW60,Northern Bahr El Ghazal,Aweil North,280284.0,2018,9,Emergency,69.9,29611.0,-1220.0,1
ID_ZZ0I08,Northern Bahr El Ghazal,Aweil North,280284.0,2018,10,Crisis,45.0,29611.0,-1220.0,1
ID_35TVV8,Northern Bahr El Ghazal,Aweil North,290850.0,2019,1,Crisis,35.0,34856.0,3100.0,1
ID_Y5SIC4,Northern Bahr El Ghazal,Aweil North,158880.0,2019,8,Crisis,50.2,34856.0,3100.0,1
ID_S8PNNE,Northern Bahr El Ghazal,Aweil North,158880.0,2019,9,Emergency,55.4,34856.0,3100.0,1
ID_6IT1EK,Northern Bahr El Ghazal,Aweil North,158880.0,2020,1,Crisis,40.3,25836.0,-7117.0,1
ID_KH0UHK,Northern Bahr El Ghazal,Aweil North,161529.0,2020,1,Emergency,60.4,25836.0,-7117.0,1
ID_7X3BQW,Northern Bahr El Ghazal,Aweil North,158880.0,2020,2,Crisis,60.1,25836.0,-7117.0,1
ID_RMWLMA,Northern Bahr El Ghazal,Aweil North,158880.0,2020,5,Emergency,65.5,25836.0,-7117.0,1
ID_6GMDRD,Northern Bahr El Ghazal,Aweil North,168493.0,2022,2,Emergency,65.5,30740.0,-4220.0,1
ID_SFERFX,Northern Bahr El Ghazal,Aweil North,168493.0,2022,4,Crisis,54.6,30740.0,-4220.0,1
ID_IOKPG3,Northern Bahr El Ghazal,Aweil North,168813.0,2022,10,Emergency,59.9,30740.0,-4220.0,1
ID_DP4FMP,Northern Bahr El Ghazal,Aweil North,168813.0,2022,12,Emergency,59.8,30740.0,-4220.0,1
ID_M5HGBO,Northern Bahr El Ghazal,Aweil North,168813.0,2023,4,Emergency,55.1,26663.0,-9346.0,1
ID_06FHRX,Northern Bahr El Ghazal,Aweil North,362131.0,2023,9,Emergency,70.5,26663.0,-9346.0,1
ID_JPT2ZL,Northern Bahr El Ghazal,Aweil North,362131.0,2023,12,Crisis,45.0,26663.0,-9346.0,1
ID_15S74N,Northern Bahr El Ghazal,Aweil North,362131.0,2024,4,Crisis,50.0,30157.0,-10872.0,1
ID_DDAFS1,Northern Bahr El Ghazal,Aweil North,173877.0,2024,9,Emergency,55.0,30157.0,-10872.0,1
ID_IYM90P,Northern Bahr El Ghazal,Aweil North,171522.0,2024,12,Emergency,65.0,30157.0,-10872.0,1
ID_KR1IFS,Northern Bahr El Ghazal,Aweil North,174172.0,2025,4,Crisis,44.9,14244.0,-5456.0,1
ID_I159I3,Northern Bahr El Ghazal,Aweil South,144638.0,2014,10,Stressed,15.2,12197.236842105263,-5564.394736842105,0
ID_HZ3ZSG,Northern Bahr El Ghazal,Aweil South,147280.0,2015,1,Stressed,15.2,12197.236842105263,-5564.394736842105,1
ID_9VWIEB,Northern Bahr El Ghazal,Aweil South,147280.0,2015,4,Crisis,25.1,12197.236842105263,-5564.394736842105,1
ID_97PWDB,Northern Bahr El Ghazal,Aweil South,147280.0,2015,5,Crisis,50.2,12197.236842105263,-5564.394736842105,1
ID_OLWIMR,Northern Bahr El Ghazal,Aweil South,147280.0,2015,8,Crisis,55.0,12197.236842105263,-5564.394736842105,1
ID_SXKJKM,Northern Bahr El Ghazal,Aweil South,147280.0,2015,10,Crisis,40.1,12197.236842105263,-5564.394736842105,0
ID_PLBBB0,Northern Bahr El Ghazal,Aweil South,149923.0,2016,1,Stressed,10.2,14044.0,-2672.0,0
ID_HQ6DG8,Northern Bahr El Ghazal,Aweil South,149923.0,2016,4,Stressed,10.0,14044.0,-2672.0,1
ID_NKDAT5,Northern Bahr El Ghazal,Aweil South,149923.0,2016,5,Emergency,50.0,14044.0,-2672.0,1
ID_L0N2TN,Northern Bahr El Ghazal,Aweil South,149923.0,2016,8,Emergency,54.7,14044.0,-2672.0,1
ID_XHN5E0,Northern Bahr El Ghazal,Aweil South,149923.0,2016,10,Emergency,69.4,14044.0,-2672.0,1
ID_EV6XGZ,Northern Bahr El Ghazal,Aweil South,152565.0,2017,1,Crisis,49.4,12938.0,-1941.0,1
ID_7CTM09,Northern Bahr El Ghazal,Aweil South,152565.0,2017,2,Crisis,55.1,12938.0,-1941.0,1
ID_HZBGTJ,Northern Bahr El Ghazal,Aweil South,152565.0,2017,5,Emergency,50.5,12938.0,-1941.0,1
ID_54696Q,Northern Bahr El Ghazal,Aweil South,152565.0,2017,6,Emergency,64.9,12938.0,-1941.0,1
ID_Z6CP7S,Northern Bahr El Ghazal,Aweil South,145484.0,2017,9,Emergency,70.1,12938.0,-1941.0,1
ID_AVZEBU,Northern Bahr El Ghazal,Aweil South,145484.0,2017,10,Crisis,70.1,12938.0,-1941.0,1
ID_2Y0OY5,Northern Bahr El Ghazal,Aweil South,149848.0,2018,1,Crisis,65.3,16195.0,-288.0,1
ID_8F1N2O,Northern Bahr El Ghazal,Aweil South,149848.0,2018,2,Crisis,64.7,16195.0,-288.0,1
ID_JGFHZ5,Northern Bahr El Ghazal,Aweil South,149848.0,2018,5,Crisis,64.7,16195.0,-288.0,1
ID_2QZSKH,Northern Bahr El Ghazal,Aweil South,149848.0,2018,9,Emergency,70.1,16195.0,-288.0,1
ID_ZTGBIB,Northern Bahr El Ghazal,Aweil South,149848.0,2018,10,Crisis,54.7,16195.0,-288.0,1
ID_F57J2X,Northern Bahr El Ghazal,Aweil South,155498.0,2019,1,Crisis,39.4,13420.0,-3558.0,1
ID_I3TAMV,Northern Bahr El Ghazal,Aweil South,138460.0,2019,8,Crisis,54.7,13420.0,-3558.0,1
ID_NCZTZO,Northern Bahr El Ghazal,Aweil South,138460.0,2019,9,Emergency,59.9,13420.0,-3558.0,1
ID_WLC33H,Northern Bahr El Ghazal,Aweil South,138460.0,2020,1,Crisis,49.8,11274.0,-6344.0,1
ID_8G8T92,Northern Bahr El Ghazal,Aweil South,139975.0,2020,1,Crisis,49.8,11274.0,-6344.0,1
ID_2D0NX5,Northern Bahr El Ghazal,Aweil South,138460.0,2020,2,Emergency,65.0,11274.0,-6344.0,1
ID_WT3HJU,Northern Bahr El Ghazal,Aweil South,138460.0,2020,5,Crisis,54.9,11274.0,-6344.0,1
ID_31FI0N,Northern Bahr El Ghazal,Aweil South,141948.0,2022,2,Emergency,59.9,9234.0,-9457.0,1
ID_6DGG5G,Northern Bahr El Ghazal,Aweil South,141948.0,2022,4,Crisis,59.9,9234.0,-9457.0,1
ID_R0XAFG,Northern Bahr El Ghazal,Aweil South,142217.0,2022,10,Emergency,69.7,9234.0,-9457.0,1
ID_OVCCI6,Northern Bahr El Ghazal,Aweil South,142217.0,2022,12,Emergency,64.7,9234.0,-9457.0,1
ID_8DS03V,Northern Bahr El Ghazal,Aweil South,142217.0,2023,4,Crisis,54.8,9891.0,-9361.0,1
ID_NA31XB,Northern Bahr El Ghazal,Aweil South,239810.0,2023,9,Emergency,65.4,9891.0,-9361.0,1
ID_IDFWA8,Northern Bahr El Ghazal,Aweil South,239810.0,2023,12,Emergency,50.0,9891.0,-9361.0,1
ID_8D0MZH,Northern Bahr El Ghazal,Aweil South,239810.0,2024,4,Emergency,55.0,13794.0,-13376.0,1
ID_RUPFLF,Northern Bahr El Ghazal,Aweil South,146484.0,2024,9,Emergency,60.0,13794.0,-13376.0,1
ID_CYWE3D,Northern Bahr El Ghazal,Aweil South,98038.0,2024,12,Crisis,49.8,13794.0,-13376.0,1
ID_KS4F6A,Northern Bahr El Ghazal,Aweil South,99552.0,2025,4,Crisis,50.0,7715.0,-8882.0,1
ID_PFXI5N,Northern Bahr El Ghazal,Aweil West,296947.0,2014,10,Stressed,10.1,32193.34210526316,-3005.5789473684213,0
ID_53EGDD,Northern Bahr El Ghazal,Aweil West,302371.0,2015,1,Stressed,5.1,32193.34210526316,-3005.5789473684213,1
ID_8MWE77,Northern Bahr El Ghazal,Aweil West,302371.0,2015,4,Crisis,19.8,32193.34210526316,-3005.5789473684213,1
ID_6VGTVY,Northern Bahr El Ghazal,Aweil West,302371.0,2015,5,Crisis,59.9,32193.34210526316,-3005.5789473684213,1
ID_FYK3MD,Northern Bahr El Ghazal,Aweil West,302371.0,2015,8,Crisis,64.8,32193.34210526316,-3005.5789473684213,1
ID_6X73ZC,Northern Bahr El Ghazal,Aweil West,302371.0,2015,10,Crisis,40.0,32193.34210526316,-3005.5789473684213,0
ID_A7FXLO,Northern Bahr El Ghazal,Aweil West,307797.0,2016,1,Stressed,10.6,32407.0,-2251.0,0
ID_Z2RCU8,Northern Bahr El Ghazal,Aweil West,307797.0,2016,4,Stressed,10.1,32407.0,-2251.0,1
ID_KD9GNL,Northern Bahr El Ghazal,Aweil West,307797.0,2016,5,Crisis,44.8,32407.0,-2251.0,1
ID_PYO2M2,Northern Bahr El Ghazal,Aweil West,307797.0,2016,8,Emergency,60.1,32407.0,-2251.0,1
ID_XIPRTT,Northern Bahr El Ghazal,Aweil West,307797.0,2016,10,Emergency,70.2,32407.0,-2251.0,1
ID_3NUPUY,Northern Bahr El Ghazal,Aweil West,313222.0,2017,1,Emergency,70.2,33286.0,-2091.0,1
ID_0ZIA9A,Northern Bahr El Ghazal,Aweil West,313222.0,2017,2,Crisis,54.9,33286.0,-2091.0,1
ID_U87CM4,Northern Bahr El Ghazal,Aweil West,313222.0,2017,5,Emergency,60.0,33286.0,-2091.0,1
ID_53KF48,Northern Bahr El Ghazal,Aweil West,313222.0,2017,6,Emergency,65.1,33286.0,-2091.0,1
ID_6I3CE8,Northern Bahr El Ghazal,Aweil West,301863.0,2017,9,Emergency,64.8,33286.0,-2091.0,1
ID_ZNA8NZ,Northern Bahr El Ghazal,Aweil West,301863.0,2017,10,Crisis,64.9,33286.0,-2091.0,1
ID_XC45BN,Northern Bahr El Ghazal,Aweil West,310919.0,2018,1,Crisis,60.0,32320.0,-1881.0,1
ID_CCU3FG,Northern Bahr El Ghazal,Aweil West,310919.0,2018,2,Crisis,60.1,32320.0,-1881.0,1
ID_00ZKOM,Northern Bahr El Ghazal,Aweil West,310919.0,2018,5,Emergency,69.8,32320.0,-1881.0,1
ID_2ZKF5B,Northern Bahr El Ghazal,Aweil West,310919.0,2018,9,Emergency,74.9,32320.0,-1881.0,1
ID_1SA3Y5,Northern Bahr El Ghazal,Aweil West,310919.0,2018,10,Crisis,55.0,32320.0,-1881.0,1
ID_T37SZP,Northern Bahr El Ghazal,Aweil West,322640.0,2019,1,Crisis,45.0,35127.0,-100.0,1
ID_F9S9EH,Northern Bahr El Ghazal,Aweil West,235304.0,2019,8,Emergency,55.2,35127.0,-100.0,1
ID_WHG0U4,Northern Bahr El Ghazal,Aweil West,235304.0,2019,9,Emergency,59.9,35127.0,-100.0,1
ID_3QLX3F,Northern Bahr El Ghazal,Aweil West,235304.0,2020,1,Crisis,50.1,26704.0,-9851.0,1
ID_2XHDCV,Northern Bahr El Ghazal,Aweil West,238714.0,2020,1,Crisis,50.1,26704.0,-9851.0,1
ID_4BKTCV,Northern Bahr El Ghazal,Aweil West,235304.0,2020,2,Crisis,59.9,26704.0,-9851.0,1
ID_1LTWBJ,Northern Bahr El Ghazal,Aweil West,235304.0,2020,5,Crisis,55.2,26704.0,-9851.0,1
ID_9UU2BL,Northern Bahr El Ghazal,Aweil West,203857.0,2022,2,Emergency,65.0,31163.0,-7618.0,1
ID_7AMKOH,Northern Bahr El Ghazal,Aweil West,203857.0,2022,4,Crisis,55.4,31163.0,-7618.0,1
ID_109ZDO,Northern Bahr El Ghazal,Aweil West,204245.0,2022,10,Emergency,65.2,31163.0,-7618.0,1
ID_0D3FVN,Northern Bahr El Ghazal,Aweil West,204245.0,2022,12,Emergency,54.8,31163.0,-7618.0,1
ID_V4KFQ5,Northern Bahr El Ghazal,Aweil West,204245.0,2023,4,Crisis,55.3,37934.0,-2011.0,1
ID_DZ53X1,Northern Bahr El Ghazal,Aweil West,390371.0,2023,9,Emergency,65.1,37934.0,-2011.0,1
ID_F8S0X7,Northern Bahr El Ghazal,Aweil West,390371.0,2023,12,Crisis,45.1,37934.0,-2011.0,1
ID_M2MM4P,Northern Bahr El Ghazal,Aweil West,390371.0,2024,4,Crisis,50.2,38260.0,-5969.0,1
ID_61NHVC,Northern Bahr El Ghazal,Aweil West,210372.0,2024,9,Emergency,55.1,38260.0,-5969.0,1
ID_FWR2F5,Northern Bahr El Ghazal,Aweil West,220789.0,2024,12,Crisis,49.4,38260.0,-5969.0,1
ID_T82DDL,Northern Bahr El Ghazal,Aweil West,224200.0,2025,4,Crisis,39.9,25247.0,1412.0,1
ID_7FKNDG,Unity,Abiemnhom,23369.0,2014,10,Crisis,21.4,464.5,-1946.684210526316,0
ID_1JRJ5X,Unity,Abiemnhom,23796.0,2015,1,Stressed,17.1,464.5,-1946.684210526316,1
ID_FEUB4O,Unity,Abiemnhom,23796.0,2015,4,Crisis,37.8,464.5,-1946.684210526316,0
ID_47EN48,Unity,Abiemnhom,23796.0,2015,5,Stressed,12.6,464.5,-1946.684210526316,0
ID_NYSJ5Y,Unity,Abiemnhom,23796.0,2015,8,Stressed,12.6,464.5,-1946.684210526316,1
ID_WX0I3A,Unity,Abiemnhom,23796.0,2015,10,Crisis,42.0,464.5,-1946.684210526316,1
ID_4KFOCN,Unity,Abiemnhom,24223.0,2016,1,Emergency,100.9,194.0,-1389.0,0
ID_QDQX6Q,Unity,Abiemnhom,24223.0,2016,4,Stressed,8.3,194.0,-1389.0,1
ID_D0771H,Unity,Abiemnhom,24223.0,2016,5,Crisis,41.3,194.0,-1389.0,1
ID_LL9RZR,Unity,Abiemnhom,24223.0,2016,8,Crisis,49.5,194.0,-1389.0,0
ID_KBFQXL,Unity,Abiemnhom,24223.0,2016,10,Stressed,16.5,194.0,-1389.0,0
ID_BVN7NP,Unity,Abiemnhom,24650.0,2017,1,Stressed,8.3,259.0,-1861.0,1
ID_RB58YJ,Unity,Abiemnhom,24650.0,2017,2,Crisis,20.3,259.0,-1861.0,1
ID_WDCOKZ,Unity,Abiemnhom,24650.0,2017,5,Crisis,24.3,259.0,-1861.0,1
ID_5SYJ3D,Unity,Abiemnhom,24650.0,2017,6,Crisis,36.5,259.0,-1861.0,1
ID_6M1FMP,Unity,Abiemnhom,22970.0,2017,9,Crisis,44.6,259.0,-1861.0,0
ID_RYFZMY,Unity,Abiemnhom,22970.0,2017,10,Stressed,13.1,259.0,-1861.0,0
ID_OA2VCY,Unity,Abiemnhom,28976.0,2018,1,Stressed,8.7,246.0,-1764.0,0
ID_WL9700,Unity,Abiemnhom,28976.0,2018,2,Stressed,17.3,246.0,-1764.0,1
ID_LFQF5E,Unity,Abiemnhom,28976.0,2018,5,Crisis,27.6,246.0,-1764.0,1
ID_8OSAQ3,Unity,Abiemnhom,28976.0,2018,9,Crisis,44.9,246.0,-1764.0,1
ID_EQ8DH9,Unity,Abiemnhom,28976.0,2018,10,Crisis,48.3,246.0,-1764.0,1
ID_PTFNM8,Unity,Abiemnhom,30068.0,2019,1,Crisis,44.9,372.0,-2164.0,1
ID_8UA3A6,Unity,Abiemnhom,54238.0,2019,8,Crisis,56.5,372.0,-2164.0,1
ID_S5ZXQO,Unity,Abiemnhom,54238.0,2019,9,Crisis,49.8,372.0,-2164.0,1
ID_MTS1EG,Unity,Abiemnhom,54238.0,2020,1,Crisis,40.6,536.0,-2096.0,1
ID_PGVTN4,Unity,Abiemnhom,54587.0,2020,1,Crisis,49.8,536.0,-2096.0,1
ID_YPKW74,Unity,Abiemnhom,54238.0,2020,2,Crisis,58.6,536.0,-2096.0,1
ID_93DXWO,Unity,Abiemnhom,54238.0,2020,5,Crisis,53.5,536.0,-2096.0,1
ID_R17DPU,Unity,Abiemnhom,56982.0,2022,2,Crisis,59.0,726.0,-2066.0,1
ID_BKPIQN,Unity,Abiemnhom,56982.0,2022,4,Crisis,56.2,726.0,-2066.0,1
ID_HQE86O,Unity,Abiemnhom,57091.0,2022,10,Crisis,59.7,726.0,-2066.0,1
ID_3Z0ANI,Unity,Abiemnhom,57091.0,2022,12,Crisis,50.8,726.0,-2066.0,1
ID_K5J42O,Unity,Abiemnhom,57091.0,2023,4,Crisis,50.8,703.0,-2173.0,1
ID_I6OAFN,Unity,Abiemnhom,40765.0,2023,9,Crisis,66.6,703.0,-2173.0,1
ID_33VM89,Unity,Abiemnhom,40765.0,2023,12,Crisis,44.2,703.0,-2173.0,1
ID_I9GX32,Unity,Abiemnhom,40765.0,2024,4,Crisis,49.1,703.0,-2173.0,1
ID_UEW9G6,Unity,Abiemnhom,58803.0,2024,9,Crisis,58.9,703.0,-2173.0,1
ID_SPD2SW,Unity,Abiemnhom,22597.0,2024,12,Crisis,74.8,703.0,-2173.0,1
ID_24WJT8,Unity,Abiemnhom,22946.0,2025,4,Crisis,53.1,703.0,-2173.0,1
ID_HDPWVB,Unity,Guit,46862.0,2014,10,Emergency,44.8,420.9473684210527,-3657.184210526316,1
ID_Z7CN0E,Unity,Guit,47719.0,2015,1,Crisis,19.2,420.9473684210527,-3657.184210526316,1
ID_QWMI6K,Unity,Guit,47719.0,2015,4,Emergency,75.4,420.9473684210527,-3657.184210526316,1
ID_TI221X,Unity,Guit,47719.0,2015,5,Crisis,60.8,420.9473684210527,-3657.184210526316,1
ID_J7WWUD,Unity,Guit,47719.0,2015,8,Emergency,46.1,420.9473684210527,-3657.184210526316,1
ID_QVDK6D,Unity,Guit,47719.0,2015,10,Emergency,100.6,420.9473684210527,-3657.184210526316,1
ID_RN4ORA,Unity,Guit,48575.0,2016,1,Emergency,100.6,31.0,-2759.0,1
ID_C8CYNL,Unity,Guit,48575.0,2016,4,Emergency,80.3,31.0,-2759.0,1
ID_63GAGU,Unity,Guit,48575.0,2016,5,Emergency,70.0,31.0,-2759.0,1
ID_VB99RW,Unity,Guit,48575.0,2016,8,Emergency,74.1,31.0,-2759.0,1
ID_TF07GB,Unity,Guit,48575.0,2016,10,Crisis,59.7,31.0,-2759.0,1
ID_ASF5EH,Unity,Guit,49431.0,2017,1,Emergency,59.7,234.0,-3918.0,1
ID_LH07JR,Unity,Guit,49431.0,2017,2,Emergency,60.7,234.0,-3918.0,1
ID_8MTK0R,Unity,Guit,49431.0,2017,5,Emergency,64.7,234.0,-3918.0,1
ID_SOGGY5,Unity,Guit,49431.0,2017,6,Emergency,85.0,234.0,-3918.0,1
ID_KOV1L2,Unity,Guit,47303.0,2017,9,Emergency,85.0,234.0,-3918.0,1
ID_8R5P03,Unity,Guit,47303.0,2017,10,Crisis,80.3,234.0,-3918.0,1
ID_WVPUNW,Unity,Guit,38519.0,2018,1,Crisis,78.2,233.0,-3908.0,1
ID_CGBSVK,Unity,Guit,38519.0,2018,2,Crisis,31.2,233.0,-3908.0,1
ID_3X8MBG,Unity,Guit,38519.0,2018,5,Emergency,70.1,233.0,-3908.0,1
ID_L2MCXN,Unity,Guit,38519.0,2018,9,Emergency,70.1,233.0,-3908.0,1
ID_2ELALQ,Unity,Guit,38519.0,2018,10,Emergency,80.5,233.0,-3908.0,1
ID_26UNVS,Unity,Guit,39971.0,2019,1,Emergency,75.3,158.0,-3214.0,1
ID_DKV54C,Unity,Guit,66324.0,2019,8,Emergency,85.1,158.0,-3214.0,1
ID_6P1LLH,Unity,Guit,66324.0,2019,9,Emergency,64.8,158.0,-3214.0,1
ID_2R9PEG,Unity,Guit,66324.0,2020,1,Crisis,60.3,423.0,-3076.0,1
ID_LNUKX4,Unity,Guit,67001.0,2020,1,Crisis,55.8,423.0,-3076.0,1
ID_96K4O6,Unity,Guit,66324.0,2020,2,Emergency,76.1,423.0,-3076.0,1
ID_7BXCD2,Unity,Guit,66324.0,2020,5,Crisis,60.3,423.0,-3076.0,1
ID_0J1OUL,Unity,Guit,69883.0,2022,2,Emergency,69.4,402.0,-3310.0,1
ID_WOZQ48,Unity,Guit,69883.0,2022,4,Crisis,54.4,402.0,-3310.0,1
ID_ENWBBA,Unity,Guit,70016.0,2022,10,Emergency,74.4,402.0,-3310.0,1
ID_DLYPGG,Unity,Guit,70016.0,2022,12,Crisis,55.7,402.0,-3310.0,1
ID_6N6975,Unity,Guit,70016.0,2023,4,Crisis,61.4,257.0,-3566.0,1
ID_J2D8CL,Unity,Guit,49582.0,2023,9,Emergency,71.4,257.0,-3566.0,1
ID_W3JGEQ,Unity,Guit,49582.0,2023,12,Crisis,58.5,257.0,-3566.0,1
ID_E5158O,Unity,Guit,49582.0,2024,4,Emergency,64.5,680.0,-3660.0,1
ID_QESUX9,Unity,Guit,72116.0,2024,9,Emergency,68.6,680.0,-3660.0,1
ID_L0IJKC,Unity,Guit,43840.0,2024,12,Crisis,70.7,680.0,-3660.0,1
ID_U5X0HC,Unity,Guit,44517.0,2025,4,Crisis,79.8,1243.0,-5070.0,1
ID_8CAH3G,Unity,Koch,132778.0,2014,10,Emergency,55.0,1733.6315789473683,-9093.184210526317,1
ID_DHVS41,Unity,Koch,135204.0,2015,1,Crisis,49.7,1733.6315789473683,-9093.184210526317,1
ID_LQFS6H,Unity,Koch,135204.0,2015,4,Emergency,54.7,1733.6315789473683,-9093.184210526317,1
ID_N95S2G,Unity,Koch,135204.0,2015,5,Crisis,29.6,1733.6315789473683,-9093.184210526317,1
ID_KFL5XF,Unity,Koch,135204.0,2015,8,Emergency,55.5,1733.6315789473683,-9093.184210526317,1
ID_50I6GB,Unity,Koch,135204.0,2015,10,Emergency,100.6,1733.6315789473683,-9093.184210526317,1
ID_XQJ7DP,Unity,Koch,137631.0,2016,1,Emergency,99.8,1763.0,-10247.0,1
ID_FSSBJD,Unity,Koch,137631.0,2016,4,Emergency,79.9,1763.0,-10247.0,1
ID_X0PKOV,Unity,Koch,137631.0,2016,5,Emergency,79.9,1763.0,-10247.0,1
ID_TRPYX8,Unity,Koch,137631.0,2016,8,Emergency,85.0,1763.0,-10247.0,1
ID_HBBJCD,Unity,Koch,137631.0,2016,10,Emergency,64.7,1763.0,-10247.0,1
ID_IWZOD0,Unity,Koch,140057.0,2017,1,Emergency,65.4,1559.0,-10385.0,1
ID_5JH2MK,Unity,Koch,140057.0,2017,2,Catastrophe,80.0,1559.0,-10385.0,1
ID_V0DSZR,Unity,Koch,140057.0,2017,5,Catastrophe,90.0,1559.0,-10385.0,1
ID_K6ILCG,Unity,Koch,140057.0,2017,6,Emergency,65.0,1559.0,-10385.0,1
ID_6FARMG,Unity,Koch,134590.0,2017,9,Emergency,70.0,1559.0,-10385.0,1
ID_JCY4V8,Unity,Koch,134590.0,2017,10,Crisis,69.8,1559.0,-10385.0,1
ID_URID3U,Unity,Koch,123043.0,2018,1,Crisis,55.0,1538.0,-10245.0,1
ID_94SGFD,Unity,Koch,123043.0,2018,2,Crisis,69.9,1538.0,-10245.0,1
ID_K0Q09J,Unity,Koch,123043.0,2018,5,Emergency,85.3,1538.0,-10245.0,1
ID_RNAMZ6,Unity,Koch,123043.0,2018,9,Emergency,89.4,1538.0,-10245.0,1
ID_146VEY,Unity,Koch,123043.0,2018,10,Emergency,84.5,1538.0,-10245.0,1
ID_0A94XF,Unity,Koch,127682.0,2019,1,Crisis,55.3,1230.0,-9542.0,1
ID_RI09M0,Unity,Koch,105543.0,2019,8,Crisis,70.5,1230.0,-9542.0,1
ID_G8W85Y,Unity,Koch,105543.0,2019,9,Emergency,65.4,1230.0,-9542.0,1
ID_6Q8SJY,Unity,Koch,105543.0,2020,1,Crisis,45.5,1737.0,-9441.0,1
ID_5OP9LB,Unity,Koch,107079.0,2020,1,Crisis,59.7,1737.0,-9441.0,1
ID_SMWPQ8,Unity,Koch,105543.0,2020,2,Crisis,59.8,1737.0,-9441.0,1
ID_2K8RYQ,Unity,Koch,105543.0,2020,5,Crisis,65.4,1737.0,-9441.0,1
ID_F8WXKK,Unity,Koch,98664.0,2022,2,Emergency,70.1,2202.0,-9657.0,1
ID_2ABKVB,Unity,Koch,98664.0,2022,4,Emergency,80.1,2202.0,-9657.0,1
ID_LPXAJM,Unity,Koch,98851.0,2022,10,Emergency,84.1,2202.0,-9657.0,1
ID_K4X1FD,Unity,Koch,98851.0,2022,12,Emergency,64.7,2202.0,-9657.0,1
ID_J9HVCH,Unity,Koch,98851.0,2023,4,Emergency,60.7,1494.0,-10721.0,1
ID_RM3WP8,Unity,Koch,55478.0,2023,9,Emergency,75.9,1494.0,-10721.0,1
ID_DJKLUY,Unity,Koch,55478.0,2023,12,Crisis,59.5,1494.0,-10721.0,1
ID_LUYHET,Unity,Koch,55478.0,2024,4,Emergency,59.5,859.0,-3998.0,1
ID_KDUWTN,Unity,Koch,101817.0,2024,9,Emergency,64.9,859.0,-3998.0,1
ID_5PEPL7,Unity,Koch,99442.0,2024,12,Crisis,66.8,859.0,-3998.0,1
ID_ZQPPOA,Unity,Koch,100978.0,2025,4,Crisis,60.3,2380.0,-6534.0,1
ID_U8P1WK,Unity,Leer,113720.0,2014,10,Emergency,50.1,764.1578947368421,-9246.763157894737,1
ID_ISETUK,Unity,Leer,115798.0,2015,1,Crisis,44.8,764.1578947368421,-9246.763157894737,1
ID_1OOA35,Unity,Leer,115798.0,2015,4,Emergency,75.1,764.1578947368421,-9246.763157894737,1
ID_QBB3XM,Unity,Leer,115798.0,2015,5,Crisis,19.9,764.1578947368421,-9246.763157894737,1
ID_DKRLC0,Unity,Leer,115798.0,2015,8,Crisis,35.4,764.1578947368421,-9246.763157894737,1
ID_Y0BHF0,Unity,Leer,115798.0,2015,10,Emergency,100.2,764.1578947368421,-9246.763157894737,1
ID_RIY4KL,Unity,Leer,117876.0,2016,1,Emergency,100.2,224.0,-12319.0,1
ID_9ARYEA,Unity,Leer,117876.0,2016,4,Emergency,79.7,224.0,-12319.0,1
ID_VEDHR3,Unity,Leer,117876.0,2016,5,Emergency,79.7,224.0,-12319.0,1
ID_PCEO93,Unity,Leer,117876.0,2016,8,Emergency,79.7,224.0,-12319.0,1
ID_4T3Y4W,Unity,Leer,117876.0,2016,10,Emergency,64.5,224.0,-12319.0,1
ID_PWG3XG,Unity,Leer,119953.0,2017,1,Emergency,65.3,358.0,-9669.0,1
ID_0TRKY8,Unity,Leer,119953.0,2017,2,Catastrophe,90.0,358.0,-9669.0,1
ID_RYOZDP,Unity,Leer,119953.0,2017,5,Catastrophe,95.0,358.0,-9669.0,1
ID_PBQUAK,Unity,Leer,119953.0,2017,6,Emergency,85.0,358.0,-9669.0,1
ID_X6WB68,Unity,Leer,134714.0,2017,9,Emergency,90.0,358.0,-9669.0,1
ID_Q0J9M4,Unity,Leer,134714.0,2017,10,Emergency,85.4,358.0,-9669.0,1
ID_SMZOCX,Unity,Leer,106002.0,2018,1,Emergency,75.0,421.0,-11374.0,1
ID_MZMZ2K,Unity,Leer,106002.0,2018,2,Crisis,90.6,421.0,-11374.0,1
ID_1KO6XN,Unity,Leer,106002.0,2018,5,Emergency,95.3,421.0,-11374.0,1
ID_QXU71S,Unity,Leer,106002.0,2018,9,Catastrophe,100.0,421.0,-11374.0,1
ID_EL8MWO,Unity,Leer,106002.0,2018,10,Emergency,85.8,421.0,-11374.0,1
ID_B4FDD7,Unity,Leer,109998.0,2019,1,Emergency,74.5,284.0,-8997.0,1
ID_R1930I,Unity,Leer,59120.0,2019,8,Emergency,84.5,284.0,-8997.0,1
ID_6G61PC,Unity,Leer,59120.0,2019,9,Crisis,60.9,284.0,-8997.0,1
ID_WE4C1V,Unity,Leer,59120.0,2020,1,Crisis,55.8,1432.0,-8199.0,1
ID_47LZN9,Unity,Leer,60208.0,2020,1,Crisis,50.7,1432.0,-8199.0,1
ID_UHJPKH,Unity,Leer,59120.0,2020,2,Crisis,66.4,1432.0,-8199.0,1
ID_F33GUW,Unity,Leer,59120.0,2020,5,Crisis,55.8,1432.0,-8199.0,1
ID_YH36MO,Unity,Leer,77663.0,2022,2,Crisis,60.9,1172.0,-9046.0,1
ID_TCG06X,Unity,Leer,77663.0,2022,4,Emergency,79.8,1172.0,-9046.0,1
ID_R3URMW,Unity,Leer,77811.0,2022,10,Emergency,85.0,1172.0,-9046.0,1
ID_UECPNC,Unity,Leer,77811.0,2022,12,Emergency,74.5,1172.0,-9046.0,1
ID_C2KEIV,Unity,Leer,77811.0,2023,4,Emergency,79.7,1207.0,-9317.0,1
ID_LI77JZ,Unity,Leer,92227.0,2023,9,Emergency,90.0,1207.0,-9317.0,1
ID_C58CU4,Unity,Leer,92227.0,2023,12,Crisis,60.7,1207.0,-9317.0,1
ID_7SOCZD,Unity,Leer,92227.0,2024,4,Crisis,65.1,1255.0,-6820.0,1
ID_Q7JBMJ,Unity,Leer,80145.0,2024,9,Emergency,69.4,1255.0,-6820.0,1
ID_M1FT07,Unity,Leer,70430.0,2024,12,Crisis,61.1,1255.0,-6820.0,1
ID_X5IC86,Unity,Leer,71518.0,2025,4,Crisis,65.3,835.0,-6182.0,1
ID_Z1B98V,Unity,Mayendit,79009.0,2014,10,Crisis,45.6,774.2894736842105,-6851.894736842105,1
ID_WCT8JB,Unity,Mayendit,80452.0,2015,1,Crisis,40.5,774.2894736842105,-6851.894736842105,1
ID_BSXPK4,Unity,Mayendit,80452.0,2015,4,Emergency,49.7,774.2894736842105,-6851.894736842105,1
ID_8AB13T,Unity,Mayendit,80452.0,2015,5,Crisis,29.8,774.2894736842105,-6851.894736842105,1
ID_4Y0TB1,Unity,Mayendit,80452.0,2015,8,Emergency,39.8,774.2894736842105,-6851.894736842105,1
ID_ZPPEP6,Unity,Mayendit,80452.0,2015,10,Emergency,99.4,774.2894736842105,-6851.894736842105,1
ID_9NGPCI,Unity,Mayendit,81896.0,2016,1,Crisis,64.6,763.0,-6939.0,1
ID_VI052U,Unity,Mayendit,81896.0,2016,4,Emergency,80.6,763.0,-6939.0,1
ID_9AZ3CE,Unity,Mayendit,81896.0,2016,5,Emergency,74.5,763.0,-6939.0,1
ID_GBMXIK,Unity,Mayendit,81896.0,2016,8,Emergency,69.6,763.0,-6939.0,1
ID_VRECJT,Unity,Mayendit,81896.0,2016,10,Emergency,64.7,763.0,-6939.0,1
ID_R0M6HZ,Unity,Mayendit,83340.0,2017,1,Emergency,64.7,709.0,-6448.0,1
ID_72KXSJ,Unity,Mayendit,83340.0,2017,2,Emergency,66.0,709.0,-6448.0,1
ID_ZSB6ZW,Unity,Mayendit,83340.0,2017,5,Catastrophe,80.4,709.0,-6448.0,1
ID_KHE9I0,Unity,Mayendit,83340.0,2017,6,Emergency,80.4,709.0,-6448.0,1
ID_HN3F9Z,Unity,Mayendit,104105.0,2017,9,Emergency,80.4,709.0,-6448.0,1
ID_XQERBK,Unity,Mayendit,104105.0,2017,10,Emergency,89.3,709.0,-6448.0,1
ID_N3DKVR,Unity,Mayendit,86299.0,2018,1,Emergency,79.7,752.0,-8363.0,1
ID_5NBHGP,Unity,Mayendit,86299.0,2018,2,Crisis,60.3,752.0,-8363.0,1
ID_BKTMAV,Unity,Mayendit,86299.0,2018,5,Emergency,91.5,752.0,-8363.0,1
ID_6763V1,Unity,Mayendit,86299.0,2018,9,Emergency,96.2,752.0,-8363.0,1
ID_M3PP00,Unity,Mayendit,86299.0,2018,10,Emergency,81.1,752.0,-8363.0,1
ID_CDNZY4,Unity,Mayendit,89553.0,2019,1,Emergency,69.5,623.0,-6933.0,1
ID_7QUUSF,Unity,Mayendit,66015.0,2019,8,Emergency,84.9,623.0,-6933.0,1
ID_N07EA2,Unity,Mayendit,66015.0,2019,9,Emergency,74.2,623.0,-6933.0,1
ID_8DITMO,Unity,Mayendit,66015.0,2020,1,Crisis,65.1,841.0,-7000.0,1
ID_WNX23V,Unity,Mayendit,67119.0,2020,1,Crisis,50.0,841.0,-7000.0,1
ID_EULJGQ,Unity,Mayendit,66015.0,2020,2,Crisis,70.0,841.0,-7000.0,1
ID_PQ8R4H,Unity,Mayendit,66015.0,2020,5,Crisis,54.5,841.0,-7000.0,1
ID_C7JVLC,Unity,Mayendit,70802.0,2022,2,Crisis,65.1,1079.0,-7239.0,1
ID_G1J5EW,Unity,Mayendit,70802.0,2022,4,Emergency,86.2,1079.0,-7239.0,1
ID_FWBEBY,Unity,Mayendit,70936.0,2022,10,Emergency,94.6,1079.0,-7239.0,1
ID_4UBZCZ,Unity,Mayendit,70936.0,2022,12,Emergency,80.4,1079.0,-7239.0,1
ID_JJY4MZ,Unity,Mayendit,70936.0,2023,4,Emergency,78.9,1154.0,-7414.0,1
ID_VMCPSI,Unity,Mayendit,66163.0,2023,9,Emergency,90.2,1154.0,-7414.0,1
ID_LN3OX5,Unity,Mayendit,66163.0,2023,12,Crisis,65.0,1154.0,-7414.0,1
ID_FL2MOX,Unity,Mayendit,66163.0,2024,4,Crisis,69.5,637.0,-5156.0,1
ID_Q9WFB7,Unity,Mayendit,73064.0,2024,9,Emergency,74.1,637.0,-5156.0,1
ID_6AV3S2,Unity,Mayendit,71441.0,2024,12,Crisis,41.1,637.0,-5156.0,1
ID_SUMH3B,Unity,Mayendit,72545.0,2025,4,Crisis,65.8,560.0,-5837.0,1
ID_0N9CC7,Unity,Mayom,176826.0,2014,10,Crisis,24.9,2234.0263157894738,-13278.368421052632,1
ID_ISUTP0,Unity,Mayom,180057.0,2015,1,Crisis,24.9,2234.0263157894738,-13278.368421052632,1
ID_4SBRSP,Unity,Mayom,180057.0,2015,4,Emergency,55.0,2234.0263157894738,-13278.368421052632,1
ID_J4KII1,Unity,Mayom,180057.0,2015,5,Crisis,40.0,2234.0263157894738,-13278.368421052632,1
ID_NQ0EI0,Unity,Mayom,180057.0,2015,8,Crisis,55.0,2234.0263157894738,-13278.368421052632,1
ID_5NMS6X,Unity,Mayom,180057.0,2015,10,Crisis,55.0,2234.0263157894738,-13278.368421052632,1
ID_VQPU3E,Unity,Mayom,183288.0,2016,1,Emergency,60.5,1719.0,-12385.0,1
ID_T1OVEJ,Unity,Mayom,183288.0,2016,4,Crisis,19.6,1719.0,-12385.0,1
ID_KLCP9U,Unity,Mayom,183288.0,2016,5,Crisis,25.1,1719.0,-12385.0,1
ID_W165AE,Unity,Mayom,183288.0,2016,8,Crisis,34.9,1719.0,-12385.0,1
ID_JT70EB,Unity,Mayom,183288.0,2016,10,Crisis,34.9,1719.0,-12385.0,1
ID_PY9E57,Unity,Mayom,186519.0,2017,1,Crisis,25.1,1900.0,-13685.0,1
ID_6MOUZE,Unity,Mayom,186519.0,2017,2,Crisis,30.0,1900.0,-13685.0,1
ID_66VW9B,Unity,Mayom,186519.0,2017,5,Crisis,50.4,1900.0,-13685.0,1
ID_0MQOQ4,Unity,Mayom,186519.0,2017,6,Crisis,45.0,1900.0,-13685.0,1
ID_KREG16,Unity,Mayom,187887.0,2017,9,Crisis,45.0,1900.0,-13685.0,1
ID_7D6VNX,Unity,Mayom,187887.0,2017,10,Crisis,50.0,1900.0,-13685.0,1
ID_NPSV8D,Unity,Mayom,170927.0,2018,1,Crisis,34.6,2005.0,-14444.0,1
ID_KMU6U4,Unity,Mayom,170927.0,2018,2,Crisis,45.0,2005.0,-14444.0,1
ID_PLLGF3,Unity,Mayom,170927.0,2018,5,Emergency,64.9,2005.0,-14444.0,1
ID_09HSUW,Unity,Mayom,170927.0,2018,9,Emergency,70.2,2005.0,-14444.0,1
ID_DKEJP5,Unity,Mayom,170927.0,2018,10,Crisis,64.9,2005.0,-14444.0,1
ID_K7917X,Unity,Mayom,177371.0,2019,1,Crisis,55.0,2027.0,-12938.0,1
ID_FH41A6,Unity,Mayom,151690.0,2019,8,Crisis,60.3,2027.0,-12938.0,1
ID_8T2A3A,Unity,Mayom,151690.0,2019,9,Crisis,50.1,2027.0,-12938.0,1
ID_H7U0S3,Unity,Mayom,151690.0,2020,1,Crisis,40.2,2366.0,-13163.0,1
ID_KDZ4PP,Unity,Mayom,154167.0,2020,1,Crisis,54.7,2366.0,-13163.0,1
ID_J590EM,Unity,Mayom,151690.0,2020,2,Crisis,64.9,2366.0,-13163.0,1
ID_C20LSJ,Unity,Mayom,151690.0,2020,5,Crisis,60.0,2366.0,-13163.0,1
ID_WS1ZL7,Unity,Mayom,156701.0,2022,2,Emergency,64.6,3288.0,-13186.0,1
ID_P72L4X,Unity,Mayom,156701.0,2022,4,Emergency,65.1,3288.0,-13186.0,1
ID_5BWAEN,Unity,Mayom,156998.0,2022,10,Emergency,74.7,3288.0,-13186.0,1
ID_7YJF30,Unity,Mayom,156998.0,2022,12,Emergency,54.8,3288.0,-13186.0,1
ID_KH5840,Unity,Mayom,156998.0,2023,4,Crisis,50.3,1724.0,-15245.0,1
ID_ACUHGP,Unity,Mayom,181437.0,2023,9,Emergency,65.0,1724.0,-15245.0,1
ID_JNVWRX,Unity,Mayom,181437.0,2023,12,Crisis,40.2,1724.0,-15245.0,1
ID_GKIKR2,Unity,Mayom,181437.0,2024,4,Crisis,45.2,2196.0,-13689.0,1
ID_OMRDE5,Unity,Mayom,161708.0,2024,9,Crisis,55.1,2196.0,-13689.0,1
ID_1K8LXE,Unity,Mayom,160348.0,2024,12,Crisis,45.1,2196.0,-13689.0,1
ID_QLEZZ1,Unity,Mayom,162825.0,2025,4,Crisis,44.9,2496.0,-11661.0,1
ID_R2ROIK,Unity,Panyijiar,74734.0,2014,10,Crisis,49.5,1063.3157894736842,-7704.105263157895,1
ID_S62C1J,Unity,Panyijiar,76099.0,2015,1,Crisis,50.8,1063.3157894736842,-7704.105263157895,1
ID_LOPO6J,Unity,Panyijiar,76099.0,2015,4,Emergency,34.2,1063.3157894736842,-7704.105263157895,1
ID_0M3LOU,Unity,Panyijiar,76099.0,2015,5,Crisis,74.9,1063.3157894736842,-7704.105263157895,1
ID_FHW8WL,Unity,Panyijiar,76099.0,2015,8,Emergency,74.9,1063.3157894736842,-7704.105263157895,1
ID_VA02DZ,Unity,Panyijiar,76099.0,2015,10,Emergency,80.2,1063.3157894736842,-7704.105263157895,1
ID_61TXSN,Unity,Panyijiar,77465.0,2016,1,Emergency,78.8,1120.0,-7409.0,1
ID_HFT4I2,Unity,Panyijiar,77465.0,2016,4,Emergency,74.9,1120.0,-7409.0,1
ID_6LH07B,Unity,Panyijiar,77465.0,2016,5,Emergency,64.5,1120.0,-7409.0,1
ID_A7DORF,Unity,Panyijiar,77465.0,2016,8,Emergency,74.9,1120.0,-7409.0,1
ID_KI1IJE,Unity,Panyijiar,77465.0,2016,10,Crisis,50.3,1120.0,-7409.0,1
ID_2XE0JD,Unity,Panyijiar,78830.0,2017,1,Crisis,40.0,859.0,-5687.0,1
ID_CZ1OA3,Unity,Panyijiar,78830.0,2017,2,Emergency,71.0,859.0,-5687.0,1
ID_VF02GV,Unity,Panyijiar,78830.0,2017,5,Emergency,71.0,859.0,-5687.0,1
ID_LLSAJH,Unity,Panyijiar,78830.0,2017,6,Crisis,69.8,859.0,-5687.0,1
ID_JXQKD8,Unity,Panyijiar,89449.0,2017,9,Crisis,59.6,859.0,-5687.0,1
ID_UR6TIA,Unity,Panyijiar,89449.0,2017,10,Emergency,80.5,859.0,-5687.0,1
ID_RONTDI,Unity,Panyijiar,92132.0,2018,1,Crisis,59.3,1157.0,-6674.0,1
ID_9OINUX,Unity,Panyijiar,92132.0,2018,2,Crisis,45.6,1157.0,-6674.0,1
ID_L39DG5,Unity,Panyijiar,92132.0,2018,5,Emergency,66.2,1157.0,-6674.0,1
ID_RIFWR0,Unity,Panyijiar,92132.0,2018,9,Emergency,84.7,1157.0,-6674.0,1
ID_UI1JLM,Unity,Panyijiar,92132.0,2018,10,Crisis,69.5,1157.0,-6674.0,1
ID_FLUOAY,Unity,Panyijiar,95606.0,2019,1,Crisis,55.4,1310.0,-6756.0,1
ID_12TLXL,Unity,Panyijiar,109541.0,2019,8,Crisis,65.9,1310.0,-6756.0,1
ID_ZS49CD,Unity,Panyijiar,109541.0,2019,9,Emergency,74.9,1310.0,-6756.0,1
ID_ZN1F0F,Unity,Panyijiar,109541.0,2020,1,Crisis,64.8,1483.0,-6887.0,1
ID_P8BPG2,Unity,Panyijiar,110582.0,2020,1,Crisis,60.3,1483.0,-6887.0,1
ID_R0TOKP,Unity,Panyijiar,109541.0,2020,2,Emergency,69.6,1483.0,-6887.0,1
ID_K7YSWN,Unity,Panyijiar,109541.0,2020,5,Crisis,69.4,1483.0,-6887.0,1
ID_XFSHWZ,Unity,Panyijiar,120033.0,2022,2,Emergency,74.9,0.0,-8880.0,1
ID_SJQ77Z,Unity,Panyijiar,120033.0,2022,4,Emergency,75.0,0.0,-8880.0,1
ID_4ES3AO,Unity,Panyijiar,120261.0,2022,10,Emergency,80.0,0.0,-8880.0,1
ID_FC9LGY,Unity,Panyijiar,120261.0,2022,12,Emergency,59.9,0.0,-8880.0,1
ID_TLCQFM,Unity,Panyijiar,120261.0,2023,4,Emergency,74.8,515.0,-8632.0,1
ID_UIW7J3,Unity,Panyijiar,139208.0,2023,9,Emergency,79.8,515.0,-8632.0,1
ID_5VLWOJ,Unity,Panyijiar,139208.0,2023,12,Crisis,55.3,515.0,-8632.0,1
ID_TXCF0K,Unity,Panyijiar,139208.0,2024,4,Crisis,60.3,2012.0,-10176.0,1
ID_JD2V1L,Unity,Panyijiar,123869.0,2024,9,Emergency,65.4,2012.0,-10176.0,1
ID_1VJ35Y,Unity,Panyijiar,67376.0,2024,12,Crisis,49.2,2012.0,-10176.0,1
ID_RG29D2,Unity,Panyijiar,68417.0,2025,4,Crisis,59.4,1220.0,-9625.0,1
ID_FF5L6B,Unity,Pariang,218381.0,2014,10,Crisis,20.1,2586.1052631578946,-11982.78947368421,0
ID_SPXLSE,Unity,Pariang,220970.0,2015,1,Stressed,15.1,2586.1052631578946,-11982.78947368421,1
ID_UNNRLS,Unity,Pariang,220970.0,2015,4,Crisis,34.8,2586.1052631578946,-11982.78947368421,1
ID_T54884,Unity,Pariang,220970.0,2015,5,Crisis,64.7,2586.1052631578946,-11982.78947368421,1
ID_Z4UR2Y,Unity,Pariang,220970.0,2015,8,Crisis,70.1,2586.1052631578946,-11982.78947368421,1
ID_UPMANQ,Unity,Pariang,220970.0,2015,10,Crisis,54.8,2586.1052631578946,-11982.78947368421,1
ID_Y0HU97,Unity,Pariang,223559.0,2016,1,Emergency,90.1,2381.0,-9844.0,1
ID_NG0APS,Unity,Pariang,223559.0,2016,4,Crisis,25.0,2381.0,-9844.0,0
ID_ALDNJ7,Unity,Pariang,223559.0,2016,5,Stressed,14.8,2381.0,-9844.0,1
ID_VBJRBZ,Unity,Pariang,223559.0,2016,8,Crisis,25.0,2381.0,-9844.0,0
ID_JW8357,Unity,Pariang,223559.0,2016,10,Stressed,15.2,2381.0,-9844.0,0
ID_9WRR51,Unity,Pariang,149470.0,2017,1,Stressed,9.8,2449.0,-10122.0,0
ID_3BB6F0,Unity,Pariang,149470.0,2017,2,Stressed,14.7,2449.0,-10122.0,0
ID_5EP4CW,Unity,Pariang,226148.0,2017,5,Stressed,14.7,2449.0,-10122.0,0
ID_CDT9GW,Unity,Pariang,226148.0,2017,6,Stressed,15.0,2449.0,-10122.0,0
ID_A44LZ6,Unity,Pariang,242266.0,2017,9,Stressed,15.0,2449.0,-10122.0,1
ID_V7S7O4,Unity,Pariang,242266.0,2017,10,Crisis,40.0,2449.0,-10122.0,1
ID_YC3S0D,Unity,Pariang,249534.0,2018,1,Crisis,24.8,2892.0,-18319.0,1
ID_PJHSG0,Unity,Pariang,249534.0,2018,2,Crisis,44.9,2892.0,-18319.0,1
ID_4AJMMU,Unity,Pariang,249534.0,2018,5,Crisis,54.9,2892.0,-18319.0,1
ID_ZUQED0,Unity,Pariang,133337.0,2018,9,Crisis,60.1,2892.0,-18319.0,1
ID_GV812H,Unity,Pariang,133337.0,2018,10,Crisis,49.5,2892.0,-18319.0,1
ID_NC0I4X,Unity,Pariang,138364.0,2019,1,Crisis,40.5,3165.0,-18682.0,1
ID_6G1EBZ,Unity,Pariang,127465.0,2019,8,Crisis,54.9,3165.0,-18682.0,1
ID_GFLIG5,Unity,Pariang,127465.0,2019,9,Crisis,54.9,3165.0,-18682.0,1
ID_GKZJRU,Unity,Pariang,127465.0,2020,1,Crisis,49.4,2124.0,-9990.0,1
ID_MXQW3B,Unity,Pariang,129157.0,2020,1,Crisis,29.8,2124.0,-9990.0,1
ID_4NTHZM,Unity,Pariang,127465.0,2020,2,Crisis,69.7,2124.0,-9990.0,1
ID_32HZS3,Unity,Pariang,127465.0,2020,5,Crisis,40.0,2124.0,-9990.0,1
ID_2D1JQB,Unity,Pariang,131158.0,2022,2,Crisis,54.9,2716.0,-10136.0,1
ID_EXGFVN,Unity,Pariang,131158.0,2022,4,Emergency,70.1,2716.0,-10136.0,1
ID_NVBZW5,Unity,Pariang,131408.0,2022,10,Emergency,80.1,2716.0,-10136.0,1
ID_APMXD6,Unity,Pariang,131408.0,2022,12,Crisis,55.6,2716.0,-10136.0,1
ID_LQGA3Q,Unity,Pariang,131408.0,2023,4,Crisis,54.8,2578.0,-10659.0,1
ID_UPO4JN,Unity,Pariang,193649.0,2023,9,Crisis,65.4,2578.0,-10659.0,1
ID_MYK851,Unity,Pariang,193649.0,2023,12,Crisis,40.3,2578.0,-10659.0,1
ID_6SP18O,Unity,Pariang,193649.0,2024,4,Crisis,44.9,2578.0,-10659.0,1
ID_BS7587,Unity,Pariang,135350.0,2024,9,Crisis,49.6,2578.0,-10659.0,1
ID_H91EL8,Unity,Pariang,109511.0,2024,12,Emergency,75.4,2578.0,-10659.0,1
ID_8L12QF,Unity,Pariang,111202.0,2025,4,Crisis,49.3,2578.0,-10659.0,1
ID_AF5KCI,Unity,Rubkona,204766.0,2014,10,Emergency,44.9,553.421052631579,-16031.552631578948,1
ID_HDIY4N,Unity,Rubkona,208507.0,2015,1,Crisis,20.0,553.421052631579,-16031.552631578948,1
ID_RMQYZ6,Unity,Rubkona,208507.0,2015,4,Emergency,35.0,553.421052631579,-16031.552631578948,1
ID_Y3Z1DE,Unity,Rubkona,208507.0,2015,5,Crisis,45.1,553.421052631579,-16031.552631578948,1
ID_1E1630,Unity,Rubkona,208507.0,2015,8,Crisis,64.7,553.421052631579,-16031.552631578948,1
ID_POCR0V,Unity,Rubkona,208507.0,2015,10,Emergency,90.2,553.421052631579,-16031.552631578948,1
ID_HV1NM3,Unity,Rubkona,212249.0,2016,1,Emergency,90.2,408.0,-19316.0,1
ID_V16XEG,Unity,Rubkona,212249.0,2016,4,Emergency,69.7,408.0,-19316.0,1
ID_HPMXPK,Unity,Rubkona,212249.0,2016,5,Crisis,40.0,408.0,-19316.0,1
ID_N3B8PF,Unity,Rubkona,212249.0,2016,8,Crisis,55.1,408.0,-19316.0,1
ID_Y4QCYD,Unity,Rubkona,212249.0,2016,10,Crisis,55.1,408.0,-19316.0,1
ID_52ALUN,Unity,Rubkona,215990.0,2017,1,Crisis,49.9,417.0,-19755.0,0
ID_QR8O1K,Unity,Rubkona,215990.0,2017,2,Stressed,14.8,417.0,-19755.0,1
ID_JWV2QN,Unity,Rubkona,215990.0,2017,5,Crisis,30.1,417.0,-19755.0,1
ID_RMTN29,Unity,Rubkona,215990.0,2017,6,Crisis,65.3,417.0,-19755.0,1
ID_TNYFM7,Unity,Rubkona,72680.0,2017,9,Crisis,69.9,417.0,-19755.0,1
ID_VH30QB,Unity,Rubkona,72680.0,2017,10,Crisis,59.2,417.0,-19755.0,1
ID_KERN6Y,Unity,Rubkona,74860.0,2018,1,Crisis,49.5,294.0,-6818.0,1
ID_JMK3TG,Unity,Rubkona,74860.0,2018,2,Crisis,60.1,294.0,-6818.0,1
ID_MALWVM,Unity,Rubkona,74860.0,2018,5,Emergency,69.5,294.0,-6818.0,1
ID_B0IDD0,Unity,Rubkona,74860.0,2018,9,Emergency,74.8,294.0,-6818.0,1
ID_WPJ8YI,Unity,Rubkona,74860.0,2018,10,Emergency,80.1,294.0,-6818.0,1
ID_340SQC,Unity,Rubkona,77683.0,2019,1,Crisis,69.5,328.0,-6997.0,1
ID_NF9W5N,Unity,Rubkona,319746.0,2019,8,Crisis,75.9,328.0,-6997.0,1
ID_9C70PA,Unity,Rubkona,319746.0,2019,9,Crisis,65.1,328.0,-6997.0,1
ID_8JX54P,Unity,Rubkona,319746.0,2020,1,Crisis,65.1,551.0,-7050.0,1
ID_EGJKS4,Unity,Rubkona,321803.0,2020,1,Crisis,35.0,551.0,-7050.0,1
ID_I2NR1P,Unity,Rubkona,319746.0,2020,2,Crisis,60.0,551.0,-7050.0,1
ID_02JYV6,Unity,Rubkona,319746.0,2020,5,Crisis,40.0,551.0,-7050.0,1
ID_YJOAOE,Unity,Rubkona,341748.0,2022,2,Crisis,55.0,199.0,-7865.0,1
ID_JV9LHA,Unity,Rubkona,341748.0,2022,4,Emergency,60.0,199.0,-7865.0,1
ID_LCKZ3V,Unity,Rubkona,342397.0,2022,10,Emergency,75.2,199.0,-7865.0,1
ID_WLO7AM,Unity,Rubkona,342397.0,2022,12,Emergency,80.0,199.0,-7865.0,1
ID_MPQ0HZ,Unity,Rubkona,342397.0,2023,4,Emergency,80.0,179.0,-8127.0,1
ID_YJB48W,Unity,Rubkona,308683.0,2023,9,Emergency,85.0,179.0,-8127.0,1
ID_UMH9NK,Unity,Rubkona,308683.0,2023,12,Emergency,74.8,179.0,-8127.0,1
ID_LYBWGM,Unity,Rubkona,308683.0,2024,4,Emergency,80.0,670.0,-29535.0,1
ID_P9A9UR,Unity,Rubkona,352669.0,2024,9,Emergency,80.0,670.0,-29535.0,1
ID_I7EV4D,Unity,Rubkona,133145.0,2024,12,Emergency,68.1,670.0,-29535.0,1
ID_H9UGF1,Unity,Rubkona,135202.0,2025,4,Emergency,80.4,1389.0,-33120.0,1
ID_0OO1PV,Upper Nile,Baliet,60412.0,2014,10,Emergency,64.6,687.3421052631579,-2667.394736842105,1
ID_LND581,Upper Nile,Baliet,61515.0,2015,1,Crisis,34.8,687.3421052631579,-2667.394736842105,1
ID_LTO4RQ,Upper Nile,Baliet,61515.0,2015,4,Emergency,65.0,687.3421052631579,-2667.394736842105,1
ID_3Q7GKT,Upper Nile,Baliet,61515.0,2015,5,Crisis,55.3,687.3421052631579,-2667.394736842105,1
ID_MQG6NX,Upper Nile,Baliet,61515.0,2015,8,Crisis,74.8,687.3421052631579,-2667.394736842105,1
ID_9OWWEW,Upper Nile,Baliet,61515.0,2015,10,Emergency,94.3,687.3421052631579,-2667.394736842105,1
ID_9V08LI,Upper Nile,Baliet,62619.0,2016,1,Crisis,89.4,297.0,-1692.0,1
ID_UQDN05,Upper Nile,Baliet,62619.0,2016,4,Emergency,91.0,297.0,-1692.0,1
ID_XT54FN,Upper Nile,Baliet,62619.0,2016,5,Crisis,84.6,297.0,-1692.0,1
ID_5G77LK,Upper Nile,Baliet,62619.0,2016,8,Emergency,95.8,297.0,-1692.0,1
ID_6HQIV9,Upper Nile,Baliet,62619.0,2016,10,Crisis,75.1,297.0,-1692.0,1
ID_29SEVL,Upper Nile,Baliet,63722.0,2017,1,Crisis,59.1,461.0,-5718.0,1
ID_7FQ8AB,Upper Nile,Baliet,63722.0,2017,2,Crisis,29.8,461.0,-5718.0,1
ID_Y595CP,Upper Nile,Baliet,63722.0,2017,5,Crisis,43.9,461.0,-5718.0,1
ID_JZE1XT,Upper Nile,Baliet,63722.0,2017,6,Crisis,61.2,461.0,-5718.0,1
ID_AR0KO3,Upper Nile,Baliet,7693.0,2017,9,Crisis,61.2,461.0,-5718.0,1
ID_1NZSXP,Upper Nile,Baliet,7693.0,2017,10,Emergency,65.0,461.0,-5718.0,1
ID_EFJ31E,Upper Nile,Baliet,7924.0,2018,1,Crisis,52.0,50.0,-624.0,1
ID_GOM62H,Upper Nile,Baliet,7924.0,2018,2,Crisis,63.1,50.0,-624.0,1
ID_DXC6RI,Upper Nile,Baliet,7924.0,2018,5,Crisis,63.1,50.0,-624.0,1
ID_JKQ2ZU,Upper Nile,Baliet,49293.0,2018,9,Emergency,75.7,50.0,-624.0,1
ID_V1FKHN,Upper Nile,Baliet,49293.0,2018,10,Crisis,64.9,50.0,-624.0,1
ID_NK8FWR,Upper Nile,Baliet,51151.0,2019,1,Crisis,54.8,80.0,-614.0,1
ID_PK0ZFK,Upper Nile,Baliet,54058.0,2019,8,Crisis,48.9,80.0,-614.0,1
ID_NWBHKV,Upper Nile,Baliet,54058.0,2019,9,Crisis,64.7,80.0,-614.0,1
ID_JZ09OW,Upper Nile,Baliet,54058.0,2020,1,Crisis,38.8,696.0,-3782.0,1
ID_GMF4LN,Upper Nile,Baliet,55043.0,2020,1,Crisis,46.2,696.0,-3782.0,1
ID_5RGSG6,Upper Nile,Baliet,54058.0,2020,2,Crisis,52.7,696.0,-3782.0,1
ID_A8MLIK,Upper Nile,Baliet,54058.0,2020,5,Crisis,53.6,696.0,-3782.0,1
ID_22XMQ6,Upper Nile,Baliet,57756.0,2022,2,Emergency,64.7,984.0,-3767.0,1
ID_6442SI,Upper Nile,Baliet,57756.0,2022,4,Emergency,58.9,984.0,-3767.0,1
ID_HXODLC,Upper Nile,Baliet,57866.0,2022,10,Emergency,69.3,984.0,-3767.0,1
ID_TT058C,Upper Nile,Baliet,57866.0,2022,12,Emergency,55.3,984.0,-3767.0,1
ID_UIJ0YX,Upper Nile,Baliet,57866.0,2023,4,Crisis,60.5,1014.0,-3880.0,1
ID_IYQBVT,Upper Nile,Baliet,29751.0,2023,9,Emergency,63.9,1014.0,-3880.0,1
ID_DG3C6S,Upper Nile,Baliet,29751.0,2023,12,Crisis,57.1,1014.0,-3880.0,1
ID_CIVUQT,Upper Nile,Baliet,29751.0,2024,4,Crisis,50.4,1007.0,-1598.0,1
ID_2LWHED,Upper Nile,Baliet,35158.0,2024,9,Crisis,57.1,1007.0,-1598.0,1
ID_HTHRUU,Upper Nile,Baliet,63773.0,2024,12,Crisis,65.4,1007.0,-1598.0,1
ID_5E51H3,Upper Nile,Baliet,64758.0,2025,4,Crisis,59.6,1639.0,-1439.0,1
ID_WQA1VR,Upper Nile,Fashoda,41784.0,2014,10,Stressed,14.4,525.2368421052631,-3224.5789473684213,0
ID_GSS8K5,Upper Nile,Fashoda,42548.0,2015,1,Stressed,14.4,525.2368421052631,-3224.5789473684213,1
ID_IJULP9,Upper Nile,Fashoda,42548.0,2015,4,Crisis,18.8,525.2368421052631,-3224.5789473684213,1
ID_8RL9QF,Upper Nile,Fashoda,42548.0,2015,5,Crisis,44.7,525.2368421052631,-3224.5789473684213,1
ID_CPK7PW,Upper Nile,Fashoda,42548.0,2015,8,Crisis,30.6,525.2368421052631,-3224.5789473684213,1
ID_TG21HS,Upper Nile,Fashoda,42548.0,2015,10,Crisis,68.2,525.2368421052631,-3224.5789473684213,1
ID_LTDKVU,Upper Nile,Fashoda,43312.0,2016,1,Crisis,49.4,153.0,-3305.0,1
ID_FF124V,Upper Nile,Fashoda,43312.0,2016,4,Crisis,34.6,153.0,-3305.0,1
ID_F89X22,Upper Nile,Fashoda,43312.0,2016,5,Crisis,78.5,153.0,-3305.0,1
ID_J7Q4KF,Upper Nile,Fashoda,43312.0,2016,8,Emergency,85.4,153.0,-3305.0,1
ID_MM0QPO,Upper Nile,Fashoda,43312.0,2016,10,Crisis,53.1,153.0,-3305.0,1
ID_P1O8M2,Upper Nile,Fashoda,44075.0,2017,1,Crisis,43.9,125.0,-2693.0,1
ID_91AZHZ,Upper Nile,Fashoda,44075.0,2017,2,Crisis,25.0,125.0,-2693.0,1
ID_KNL2LU,Upper Nile,Fashoda,44075.0,2017,5,Crisis,25.0,125.0,-2693.0,1
ID_HHS4DI,Upper Nile,Fashoda,44075.0,2017,6,Crisis,74.9,125.0,-2693.0,1
ID_LRZQ8B,Upper Nile,Fashoda,13572.0,2017,9,Emergency,74.9,125.0,-2693.0,1
ID_XY6RKV,Upper Nile,Fashoda,13572.0,2017,10,Emergency,58.9,125.0,-2693.0,1
ID_NDXJN7,Upper Nile,Fashoda,13979.0,2018,1,Emergency,58.9,53.0,-1135.0,1
ID_DE0L1O,Upper Nile,Fashoda,13979.0,2018,2,Crisis,57.2,53.0,-1135.0,1
ID_FFKHDI,Upper Nile,Fashoda,13979.0,2018,5,Emergency,57.2,53.0,-1135.0,1
ID_U1JTKA,Upper Nile,Fashoda,47308.0,2018,9,Emergency,64.4,53.0,-1135.0,1
ID_1C2ZL4,Upper Nile,Fashoda,47308.0,2018,10,Crisis,55.0,53.0,-1135.0,1
ID_6Q5GQQ,Upper Nile,Fashoda,49092.0,2019,1,Crisis,55.0,54.0,-1170.0,1
ID_LYZJ0A,Upper Nile,Fashoda,73476.0,2019,8,Crisis,65.2,54.0,-1170.0,1
ID_EOORBT,Upper Nile,Fashoda,73476.0,2019,9,Emergency,59.9,54.0,-1170.0,1
ID_6SAPBS,Upper Nile,Fashoda,73476.0,2020,1,Crisis,54.4,285.0,-4013.0,1
ID_22RUW0,Upper Nile,Fashoda,74225.0,2020,1,Crisis,44.9,285.0,-4013.0,1
ID_U92T24,Upper Nile,Fashoda,73476.0,2020,2,Emergency,59.3,285.0,-4013.0,1
ID_D7V911,Upper Nile,Fashoda,73476.0,2020,5,Crisis,49.0,285.0,-4013.0,1
ID_PJQ50X,Upper Nile,Fashoda,76641.0,2022,2,Crisis,59.9,505.0,-4055.0,1
ID_CXMSY3,Upper Nile,Fashoda,76641.0,2022,4,Emergency,49.6,505.0,-4055.0,1
ID_PAUA3A,Upper Nile,Fashoda,76787.0,2022,10,Emergency,60.0,505.0,-4055.0,1
ID_IPJIYL,Upper Nile,Fashoda,76787.0,2022,12,Emergency,59.9,505.0,-4055.0,1
ID_QX1UM5,Upper Nile,Fashoda,76787.0,2023,4,Emergency,65.1,433.0,-4264.0,1
ID_5F1HGA,Upper Nile,Fashoda,52384.0,2023,9,Emergency,75.5,433.0,-4264.0,1
ID_V42T8L,Upper Nile,Fashoda,52384.0,2023,12,Crisis,61.1,433.0,-4264.0,1
ID_LIHKPJ,Upper Nile,Fashoda,52384.0,2024,4,Crisis,64.9,995.0,-3591.0,1
ID_7HME6P,Upper Nile,Fashoda,79090.0,2024,9,Emergency,70.6,995.0,-3591.0,1
ID_4NP00N,Upper Nile,Fashoda,48508.0,2024,12,Crisis,45.5,995.0,-3591.0,1
ID_QOHN3D,Upper Nile,Fashoda,49257.0,2025,4,Crisis,41.2,2031.0,-4893.0,1
ID_G60E1E,Upper Nile,Longochuk,79681.0,2014,10,Crisis,30.1,1451.157894736842,-4161.473684210527,0
ID_RV0LG9,Upper Nile,Longochuk,81137.0,2015,1,Stressed,15.1,1451.157894736842,-4161.473684210527,1
ID_2MJEQA,Upper Nile,Longochuk,81137.0,2015,4,Crisis,54.2,1451.157894736842,-4161.473684210527,1
ID_2O4M84,Upper Nile,Longochuk,81137.0,2015,5,Emergency,70.3,1451.157894736842,-4161.473684210527,1
ID_P4K9DX,Upper Nile,Longochuk,81137.0,2015,8,Emergency,69.0,1451.157894736842,-4161.473684210527,1
ID_OQ8JXL,Upper Nile,Longochuk,81137.0,2015,10,Emergency,85.0,1451.157894736842,-4161.473684210527,1
ID_FIUEFZ,Upper Nile,Longochuk,82592.0,2016,1,Crisis,55.5,1336.0,-4861.0,1
ID_1C25XN,Upper Nile,Longochuk,82592.0,2016,4,Crisis,30.3,1336.0,-4861.0,1
ID_OFG780,Upper Nile,Longochuk,82592.0,2016,5,Crisis,70.2,1336.0,-4861.0,1
ID_3G5DFR,Upper Nile,Longochuk,82592.0,2016,8,Crisis,84.8,1336.0,-4861.0,0
ID_LW6JL2,Upper Nile,Longochuk,82592.0,2016,10,Stressed,14.5,1336.0,-4861.0,0
ID_L5B56B,Upper Nile,Longochuk,84048.0,2017,1,Stressed,9.7,336.0,-909.0,0
ID_NVSFA6,Upper Nile,Longochuk,84048.0,2017,2,Stressed,9.5,336.0,-909.0,0
ID_D9ER94,Upper Nile,Longochuk,84048.0,2017,5,Stressed,14.3,336.0,-909.0,1
ID_TEVWLQ,Upper Nile,Longochuk,84048.0,2017,6,Crisis,39.3,336.0,-909.0,1
ID_6EXNWZ,Upper Nile,Longochuk,72304.0,2017,9,Crisis,45.2,336.0,-909.0,1
ID_R04HHE,Upper Nile,Longochuk,72304.0,2017,10,Crisis,59.5,336.0,-909.0,1
ID_7ICDO5,Upper Nile,Longochuk,74473.0,2018,1,Crisis,49.8,1592.0,-4738.0,1
ID_DIGXL9,Upper Nile,Longochuk,74473.0,2018,2,Emergency,85.9,1592.0,-4738.0,1
ID_YSU51E,Upper Nile,Longochuk,74473.0,2018,5,Emergency,91.3,1592.0,-4738.0,1
ID_PXU7B6,Upper Nile,Longochuk,74473.0,2018,9,Emergency,90.0,1592.0,-4738.0,1
ID_NBHGFB,Upper Nile,Longochuk,74473.0,2018,10,Emergency,80.6,1592.0,-4738.0,1
ID_2FLURM,Upper Nile,Longochuk,77281.0,2019,1,Crisis,69.8,1640.0,-4880.0,1
ID_W3UQHW,Upper Nile,Longochuk,57301.0,2019,8,Emergency,80.2,1640.0,-4880.0,1
ID_TEK17M,Upper Nile,Longochuk,57301.0,2019,9,Emergency,75.0,1640.0,-4880.0,1
ID_6J3RTX,Upper Nile,Longochuk,57301.0,2020,1,Crisis,54.1,1701.0,-5065.0,1
ID_YMSCNX,Upper Nile,Longochuk,58597.0,2020,1,Emergency,59.3,1701.0,-5065.0,1
ID_8EIQET,Upper Nile,Longochuk,57301.0,2020,2,Crisis,63.1,1701.0,-5065.0,1
ID_K5LP9C,Upper Nile,Longochuk,57301.0,2020,5,Crisis,64.6,1701.0,-5065.0,1
ID_5SO79H,Upper Nile,Longochuk,74449.0,2022,2,Emergency,75.0,1203.0,-5975.0,1
ID_4HA0MV,Upper Nile,Longochuk,74449.0,2022,4,Emergency,49.7,1203.0,-5975.0,1
ID_F4S2NI,Upper Nile,Longochuk,74591.0,2022,10,Emergency,60.4,1203.0,-5975.0,1
ID_8TNDFW,Upper Nile,Longochuk,74591.0,2022,12,Emergency,60.3,1203.0,-5975.0,1
ID_W41F7V,Upper Nile,Longochuk,74591.0,2023,4,Emergency,65.7,1394.0,-5999.0,1
ID_4K88K6,Upper Nile,Longochuk,44205.0,2023,9,Emergency,80.4,1394.0,-5999.0,1
ID_86QE7A,Upper Nile,Longochuk,44205.0,2023,12,Crisis,65.6,1394.0,-5999.0,1
ID_JUL7W8,Upper Nile,Longochuk,44205.0,2024,4,Crisis,61.1,1251.0,-2619.0,1
ID_COF313,Upper Nile,Longochuk,76828.0,2024,9,Crisis,70.1,1251.0,-2619.0,1
ID_8I2XOG,Upper Nile,Longochuk,83905.0,2024,12,Crisis,56.0,1251.0,-2619.0,1
ID_4C8J6E,Upper Nile,Longochuk,85201.0,2025,4,Crisis,44.1,2895.0,-3831.0,1
ID_07FPY1,Upper Nile,Luakpiny/Nasir,248110.0,2014,10,Crisis,29.8,6008.289473684211,-18822.157894736843,0
ID_AELDWQ,Upper Nile,Luakpiny/Nasir,252644.0,2015,1,Stressed,14.9,6008.289473684211,-18822.157894736843,1
ID_XKE0QC,Upper Nile,Luakpiny/Nasir,252644.0,2015,4,Emergency,55.0,6008.289473684211,-18822.157894736843,1
ID_96MJ9N,Upper Nile,Luakpiny/Nasir,252644.0,2015,5,Emergency,74.8,6008.289473684211,-18822.157894736843,1
ID_6EQV5Y,Upper Nile,Luakpiny/Nasir,252644.0,2015,8,Emergency,89.8,6008.289473684211,-18822.157894736843,1
ID_21ID9V,Upper Nile,Luakpiny/Nasir,252644.0,2015,10,Emergency,85.1,6008.289473684211,-18822.157894736843,1
ID_VN5X48,Upper Nile,Luakpiny/Nasir,257177.0,2016,1,Crisis,55.0,7993.0,-13977.0,1
ID_PW5K0J,Upper Nile,Luakpiny/Nasir,257177.0,2016,4,Crisis,59.9,7993.0,-13977.0,1
ID_JSP49C,Upper Nile,Luakpiny/Nasir,257177.0,2016,5,Crisis,20.2,7993.0,-13977.0,1
ID_D3IRVX,Upper Nile,Luakpiny/Nasir,257177.0,2016,8,Crisis,29.9,7993.0,-13977.0,0
ID_D2ZU4N,Upper Nile,Luakpiny/Nasir,257177.0,2016,10,Stressed,15.2,7993.0,-13977.0,0
ID_S7NVV2,Upper Nile,Luakpiny/Nasir,261710.0,2017,1,Stressed,10.1,9156.0,-18300.0,0
ID_8UE1MY,Upper Nile,Luakpiny/Nasir,261710.0,2017,2,Stressed,5.0,9156.0,-18300.0,1
ID_6PO0M2,Upper Nile,Luakpiny/Nasir,261710.0,2017,5,Crisis,29.8,9156.0,-18300.0,1
ID_4US73W,Upper Nile,Luakpiny/Nasir,261710.0,2017,6,Crisis,60.0,9156.0,-18300.0,1
ID_1YAUA8,Upper Nile,Luakpiny/Nasir,288704.0,2017,9,Crisis,65.0,9156.0,-18300.0,1
ID_D7204J,Upper Nile,Luakpiny/Nasir,288704.0,2017,10,Emergency,59.9,9156.0,-18300.0,1
ID_3M9IQB,Upper Nile,Luakpiny/Nasir,297365.0,2018,1,Crisis,49.9,6785.0,-18491.0,1
ID_Q9J2H1,Upper Nile,Luakpiny/Nasir,297365.0,2018,2,Crisis,75.0,6785.0,-18491.0,1
ID_TLOM34,Upper Nile,Luakpiny/Nasir,297365.0,2018,5,Crisis,75.0,6785.0,-18491.0,1
ID_4MW04I,Upper Nile,Luakpiny/Nasir,297365.0,2018,9,Emergency,80.0,6785.0,-18491.0,1
ID_3DZXLR,Upper Nile,Luakpiny/Nasir,297365.0,2018,10,Emergency,75.0,6785.0,-18491.0,1
ID_GNJZM3,Upper Nile,Luakpiny/Nasir,308576.0,2019,1,Crisis,55.2,6988.0,-19046.0,1
ID_618LEU,Upper Nile,Luakpiny/Nasir,260703.0,2019,8,Emergency,80.0,6988.0,-19046.0,1
ID_6ZU1TO,Upper Nile,Luakpiny/Nasir,260703.0,2019,9,Crisis,69.8,6988.0,-19046.0,1
ID_ZHDV5O,Upper Nile,Luakpiny/Nasir,260703.0,2020,1,Crisis,54.9,6825.0,-20191.0,1
ID_JZTO7D,Upper Nile,Luakpiny/Nasir,265012.0,2020,1,Crisis,64.8,6825.0,-20191.0,1
ID_835KUC,Upper Nile,Luakpiny/Nasir,260703.0,2020,2,Crisis,65.3,6825.0,-20191.0,1
ID_9PBTYJ,Upper Nile,Luakpiny/Nasir,260703.0,2020,5,Emergency,69.8,6825.0,-20191.0,1
ID_R39IIX,Upper Nile,Luakpiny/Nasir,293794.0,2022,2,Emergency,74.8,4344.0,-24317.0,1
ID_HAIAW4,Upper Nile,Luakpiny/Nasir,293794.0,2022,4,Emergency,65.0,4344.0,-24317.0,1
ID_OTUO4U,Upper Nile,Luakpiny/Nasir,294352.0,2022,10,Emergency,75.2,4344.0,-24317.0,1
ID_W590Z9,Upper Nile,Luakpiny/Nasir,294352.0,2022,12,Emergency,65.2,4344.0,-24317.0,1
ID_2JN67L,Upper Nile,Luakpiny/Nasir,294352.0,2023,4,Emergency,64.9,4307.0,-25214.0,1
ID_M8E49I,Upper Nile,Luakpiny/Nasir,71780.0,2023,9,Emergency,79.8,4307.0,-25214.0,1
ID_TE92SR,Upper Nile,Luakpiny/Nasir,71780.0,2023,12,Crisis,55.7,4307.0,-25214.0,1
ID_L3VZZX,Upper Nile,Luakpiny/Nasir,71780.0,2024,4,Crisis,55.7,834.0,-5450.0,1
ID_T9QUBW,Upper Nile,Luakpiny/Nasir,303183.0,2024,9,Emergency,64.1,834.0,-5450.0,1
ID_RP8GUU,Upper Nile,Luakpiny/Nasir,278950.0,2024,12,Emergency,65.0,834.0,-5450.0,1
ID_CM5FYC,Upper Nile,Luakpiny/Nasir,283259.0,2025,4,Emergency,60.2,4030.0,-22514.0,1
ID_ZU80ZR,Upper Nile,Maban,185864.0,2014,10,Stressed,15.1,4691.742857142857,-4322.571428571428,0
ID_Z79HQT,Upper Nile,Maban,186996.0,2015,1,Stressed,15.1,4691.742857142857,-4322.571428571428,1
ID_YLU58F,Upper Nile,Maban,186996.0,2015,4,Crisis,40.1,4691.742857142857,-4322.571428571428,1
ID_TYLAVZ,Upper Nile,Maban,186996.0,2015,5,Crisis,49.7,4691.742857142857,-4322.571428571428,1
ID_ME9WT0,Upper Nile,Maban,186996.0,2015,8,Crisis,34.8,4691.742857142857,-4322.571428571428,1
ID_0IV1GG,Upper Nile,Maban,186996.0,2015,10,Crisis,29.9,4691.742857142857,-4322.571428571428,1
ID_XRED8U,Upper Nile,Maban,188129.0,2016,1,Crisis,25.1,3194.0,-1594.0,1
ID_8NOZEM,Upper Nile,Maban,188129.0,2016,4,Crisis,25.0,3194.0,-1594.0,1
ID_DMZ5RG,Upper Nile,Maban,188129.0,2016,5,Crisis,54.7,3194.0,-1594.0,1
ID_OI9WM1,Upper Nile,Maban,188129.0,2016,8,Crisis,70.2,3194.0,-1594.0,0
ID_SAV9CN,Upper Nile,Maban,188129.0,2016,10,Stressed,14.9,3194.0,-1594.0,0
ID_G8TANA,Upper Nile,Maban,65407.0,2017,1,Stressed,10.1,3437.0,-2184.0,0
ID_6U48GW,Upper Nile,Maban,65407.0,2017,2,Stressed,4.6,3437.0,-2184.0,0
ID_GHM56V,Upper Nile,Maban,65407.0,2017,5,Stressed,10.7,3437.0,-2184.0,0
ID_U6Z5GF,Upper Nile,Maban,65407.0,2017,6,Stressed,15.3,3437.0,-2184.0,0
ID_3BBT87,Upper Nile,Maban,197867.0,2017,9,Stressed,15.3,3437.0,-2184.0,1
ID_3LKMGS,Upper Nile,Maban,197867.0,2017,10,Crisis,50.0,3437.0,-2184.0,1
ID_6RV977,Upper Nile,Maban,203803.0,2018,1,Crisis,39.9,9630.0,-7693.0,1
ID_7TNQET,Upper Nile,Maban,203803.0,2018,2,Crisis,55.4,9630.0,-7693.0,1
ID_MNI3GO,Upper Nile,Maban,203803.0,2018,5,Crisis,60.4,9630.0,-7693.0,1
ID_M6736Z,Upper Nile,Maban,55177.0,2019,8,Emergency,60.4,9919.0,-7924.0,1
ID_4DSXLS,Upper Nile,Maban,55177.0,2019,9,Crisis,65.2,9919.0,-7924.0,1
ID_UTOTHL,Upper Nile,Maban,55177.0,2020,1,Crisis,56.2,1908.0,-3430.0,1
ID_QH7PPC,Upper Nile,Maban,56105.0,2020,1,Emergency,65.2,1908.0,-3430.0,1
ID_ADUVL9,Upper Nile,Maban,55177.0,2020,2,Crisis,62.4,1908.0,-3430.0,1
ID_11ZSB8,Upper Nile,Maban,55177.0,2020,5,Crisis,59.8,1908.0,-3430.0,1
ID_LV6TX0,Upper Nile,Maban,81680.0,2022,2,Emergency,65.2,1821.0,-3842.0,1
ID_TBKG8B,Upper Nile,Maban,81680.0,2022,4,Crisis,45.3,1821.0,-3842.0,1
ID_350SGN,Upper Nile,Maban,81835.0,2022,10,Crisis,55.1,1821.0,-3842.0,1
ID_Z6D86Z,Upper Nile,Maban,81835.0,2022,12,Crisis,50.1,1821.0,-3842.0,1
ID_CHHXA7,Upper Nile,Maban,81835.0,2023,4,Crisis,40.3,1303.0,-4530.0,1
ID_HY7AI3,Upper Nile,Maban,267494.0,2023,9,Crisis,55.0,1303.0,-4530.0,1
ID_3993N4,Upper Nile,Maban,267494.0,2023,12,Crisis,50.1,1303.0,-4530.0,1
ID_BFIY5P,Upper Nile,Maban,267494.0,2024,4,Crisis,55.0,12088.0,-11331.0,1
ID_U5WH50,Upper Nile,Maban,84290.0,2024,9,Crisis,65.0,12088.0,-11331.0,1
ID_JYOOK6,Upper Nile,Maban,60091.0,2024,12,Crisis,55.8,12088.0,-11331.0,1
ID_3RVWOZ,Upper Nile,Maban,61019.0,2025,4,Crisis,49.9,5162.0,-2218.0,1
ID_QXIWE6,Upper Nile,Maiwut,100212.0,2014,10,Crisis,39.9,1611.0833333333333,-4577.777777777777,0
ID_RGL7JY,Upper Nile,Maiwut,102044.0,2015,1,Stressed,15.0,1611.0833333333333,-4577.777777777777,1
ID_7OTKUD,Upper Nile,Maiwut,102044.0,2015,4,Crisis,54.9,1611.0833333333333,-4577.777777777777,1
ID_E358TR,Upper Nile,Maiwut,102044.0,2015,5,Crisis,69.6,1611.0833333333333,-4577.777777777777,1
ID_E9QDI3,Upper Nile,Maiwut,102044.0,2015,8,Crisis,74.5,1611.0833333333333,-4577.777777777777,1
ID_G13IWP,Upper Nile,Maiwut,102044.0,2015,10,Emergency,70.6,1611.0833333333333,-4577.777777777777,1
ID_FVB71G,Upper Nile,Maiwut,103874.0,2016,1,Crisis,40.2,1943.0,-7015.0,1
ID_HLU8M8,Upper Nile,Maiwut,103874.0,2016,4,Crisis,20.2,1943.0,-7015.0,1
ID_7MHXOF,Upper Nile,Maiwut,103874.0,2016,5,Crisis,25.0,1943.0,-7015.0,1
ID_KCGGXP,Upper Nile,Maiwut,103874.0,2016,8,Crisis,29.8,1943.0,-7015.0,0
ID_5CITUF,Upper Nile,Maiwut,103874.0,2016,10,Stressed,14.4,1943.0,-7015.0,0
ID_8CYOTW,Upper Nile,Maiwut,105705.0,2017,1,Stressed,4.8,1962.0,-7086.0,0
ID_G7NFDI,Upper Nile,Maiwut,105705.0,2017,2,Stressed,4.7,1962.0,-7086.0,0
ID_NU31EI,Upper Nile,Maiwut,105705.0,2017,5,Stressed,15.1,1962.0,-7086.0,1
ID_WUCX67,Upper Nile,Maiwut,105705.0,2017,6,Crisis,25.5,1962.0,-7086.0,1
ID_XKWQ0Y,Upper Nile,Maiwut,41501.0,2018,1,Crisis,30.3,967.0,-2561.0,1
ID_WM9Q7F,Upper Nile,Maiwut,41501.0,2018,2,Crisis,65.1,967.0,-2561.0,1
ID_TMFWG8,Upper Nile,Maiwut,41501.0,2018,5,Emergency,74.7,967.0,-2561.0,1
ID_95NA2F,Upper Nile,Maiwut,41501.0,2018,9,Emergency,86.7,967.0,-2561.0,1
ID_QZTIO4,Upper Nile,Maiwut,41501.0,2018,10,Emergency,79.5,967.0,-2561.0,1
ID_M7PP0P,Upper Nile,Maiwut,43065.0,2019,1,Crisis,65.1,996.0,-2637.0,1
ID_NNLO0H,Upper Nile,Maiwut,121986.0,2019,8,Emergency,69.7,996.0,-2637.0,1
ID_HGH5XW,Upper Nile,Maiwut,121986.0,2019,9,Emergency,65.6,996.0,-2637.0,1
ID_6T1OXH,Upper Nile,Maiwut,121986.0,2020,1,Emergency,54.9,1033.0,-2737.0,1
ID_FDXK31,Upper Nile,Maiwut,123617.0,2020,1,Emergency,54.9,1033.0,-2737.0,1
ID_WBHTFN,Upper Nile,Maiwut,121986.0,2020,2,Emergency,59.9,1033.0,-2737.0,1
ID_SGPYNY,Upper Nile,Maiwut,121986.0,2020,5,Emergency,59.8,1033.0,-2737.0,1
ID_J0UFO2,Upper Nile,Maiwut,132136.0,2022,2,Emergency,69.7,595.0,-3405.0,1
ID_HOQ5E7,Upper Nile,Maiwut,132136.0,2022,4,Emergency,70.4,595.0,-3405.0,1
ID_L7W05Y,Upper Nile,Maiwut,132387.0,2022,10,Emergency,79.5,595.0,-3405.0,1
ID_2DA5B4,Upper Nile,Maiwut,132387.0,2022,12,Crisis,59.7,595.0,-3405.0,1
ID_L6HFH4,Upper Nile,Maiwut,132387.0,2023,4,Crisis,60.4,645.0,-3475.0,1
ID_N6V3RZ,Upper Nile,Maiwut,35839.0,2023,9,Emergency,70.2,645.0,-3475.0,1
ID_KDU6FO,Upper Nile,Maiwut,35839.0,2023,12,Crisis,55.8,645.0,-3475.0,1
ID_TWFTQ9,Upper Nile,Maiwut,35839.0,2024,4,Crisis,50.2,1032.0,-2106.0,1
ID_Y69XFQ,Upper Nile,Maiwut,136359.0,2024,9,Crisis,58.6,1032.0,-2106.0,1
ID_1ENNGA,Upper Nile,Maiwut,105551.0,2024,12,Crisis,45.5,1032.0,-2106.0,1
ID_Y37VG6,Upper Nile,Maiwut,107182.0,2025,4,Crisis,40.7,4436.0,-7502.0,1
ID_88U595,Upper Nile,Malakal,147465.0,2014,10,Crisis,65.1,510.5,-10448.105263157897,0
ID_CEKOF9,Upper Nile,Malakal,150148.0,2015,1,Stressed,14.9,510.5,-10448.105263157897,1
ID_2Y8LZ8,Upper Nile,Malakal,150148.0,2015,4,Crisis,55.3,510.5,-10448.105263157897,0
ID_CV2A6P,Upper Nile,Malakal,150148.0,2015,5,Stressed,15.3,510.5,-10448.105263157897,1
ID_G4GKS6,Upper Nile,Malakal,150148.0,2015,8,Crisis,45.3,510.5,-10448.105263157897,1
ID_R6BILQ,Upper Nile,Malakal,150148.0,2015,10,Crisis,85.2,510.5,-10448.105263157897,1
ID_PB01QC,Upper Nile,Malakal,152831.0,2016,1,Crisis,69.9,233.0,-14280.0,1
ID_TE9W0A,Upper Nile,Malakal,152831.0,2016,4,Crisis,39.9,233.0,-14280.0,1
ID_N6NBYZ,Upper Nile,Malakal,152831.0,2016,5,Crisis,70.0,233.0,-14280.0,1
ID_M242OM,Upper Nile,Malakal,152831.0,2016,8,Crisis,85.1,233.0,-14280.0,1
ID_7ZTRJ6,Upper Nile,Malakal,152831.0,2016,10,Crisis,64.8,233.0,-14280.0,1
ID_7DXLSE,Upper Nile,Malakal,154915.0,2017,1,Crisis,55.0,415.0,-12527.0,1
ID_33DCNF,Upper Nile,Malakal,154915.0,2017,2,Crisis,34.9,415.0,-12527.0,1
ID_225AA3,Upper Nile,Malakal,154915.0,2017,5,Crisis,44.5,415.0,-12527.0,1
ID_5WFW5Q,Upper Nile,Malakal,154915.0,2017,6,Crisis,64.6,415.0,-12527.0,1
ID_52DEZH,Upper Nile,Malakal,71954.0,2017,9,Crisis,64.6,415.0,-12527.0,1
ID_0CD8A2,Upper Nile,Malakal,71954.0,2017,10,Emergency,69.5,415.0,-12527.0,1
ID_IBCLTR,Upper Nile,Malakal,74113.0,2018,1,Crisis,59.8,271.0,-6769.0,1
ID_H9VGKY,Upper Nile,Malakal,74113.0,2018,2,Crisis,59.4,271.0,-6769.0,1
ID_5CGAGH,Upper Nile,Malakal,74113.0,2018,5,Emergency,60.7,271.0,-6769.0,1
ID_FT9ZZC,Upper Nile,Malakal,74113.0,2018,9,Emergency,70.2,271.0,-6769.0,1
ID_GL9FWV,Upper Nile,Malakal,74113.0,2018,10,Emergency,81.0,271.0,-6769.0,1
ID_VSKP30,Upper Nile,Malakal,76907.0,2019,1,Crisis,59.4,279.0,-6973.0,1
ID_TX8J1C,Upper Nile,Malakal,183476.0,2019,8,Crisis,70.2,279.0,-6973.0,1
ID_CM0W3C,Upper Nile,Malakal,183476.0,2019,9,Crisis,60.5,279.0,-6973.0,1
ID_1ZA0DV,Upper Nile,Malakal,183476.0,2020,1,Crisis,44.7,414.0,-7111.0,1
ID_6NYYCJ,Upper Nile,Malakal,186071.0,2020,1,Crisis,55.0,414.0,-7111.0,1
ID_4Q0RR1,Upper Nile,Malakal,183476.0,2020,2,Crisis,54.8,414.0,-7111.0,1
ID_L9GVBM,Upper Nile,Malakal,183476.0,2020,5,Emergency,65.4,414.0,-7111.0,1
ID_QQ749Q,Upper Nile,Malakal,195157.0,2022,2,Emergency,70.3,235.0,-7748.0,1
ID_6QF1PA,Upper Nile,Malakal,195157.0,2022,4,Emergency,54.8,235.0,-7748.0,1
ID_FL9WOA,Upper Nile,Malakal,195528.0,2022,10,Emergency,75.3,235.0,-7748.0,1
ID_2XGVGD,Upper Nile,Malakal,195528.0,2022,12,Emergency,65.0,235.0,-7748.0,1
ID_OFMAOK,Upper Nile,Malakal,195528.0,2023,4,Emergency,70.1,236.0,-7987.0,1
ID_8TIR0P,Upper Nile,Malakal,76231.0,2023,9,Emergency,80.3,236.0,-7987.0,1
ID_8F8C8C,Upper Nile,Malakal,76231.0,2023,12,Crisis,49.8,236.0,-7987.0,1
ID_LRKI72,Upper Nile,Malakal,76231.0,2024,4,Crisis,53.8,456.0,-7003.0,1
ID_OALFWY,Upper Nile,Malakal,201394.0,2024,9,Emergency,64.3,456.0,-7003.0,1
ID_PEEK03,Upper Nile,Malakal,168010.0,2024,12,Emergency,69.5,456.0,-7003.0,1
ID_5N8CQP,Upper Nile,Malakal,170605.0,2025,4,Emergency,64.9,1598.0,-18108.0,1
ID_HLI5L6,Upper Nile,Manyo,62766.0,2014,10,Stressed,14.3,1462.2631578947369,-1853.4473684210527,0
ID_92TULG,Upper Nile,Manyo,63913.0,2015,1,Stressed,14.3,1462.2631578947369,-1853.4473684210527,1
ID_ELW8IV,Upper Nile,Manyo,63913.0,2015,4,Emergency,54.8,1462.2631578947369,-1853.4473684210527,1
ID_I3RQAS,Upper Nile,Manyo,63913.0,2015,5,Crisis,64.1,1462.2631578947369,-1853.4473684210527,1
ID_D1WCRV,Upper Nile,Manyo,63913.0,2015,8,Crisis,64.1,1462.2631578947369,-1853.4473684210527,1
ID_68JQ12,Upper Nile,Manyo,63913.0,2015,10,Crisis,79.8,1462.2631578947369,-1853.4473684210527,1
ID_JF4CIW,Upper Nile,Manyo,65059.0,2016,1,Crisis,59.5,1007.0,-3092.0,1
ID_L3RFJL,Upper Nile,Manyo,65059.0,2016,4,Crisis,44.6,1007.0,-3092.0,1
ID_9VT3X8,Upper Nile,Manyo,65059.0,2016,5,Crisis,75.3,1007.0,-3092.0,1
ID_VE00H2,Upper Nile,Manyo,65059.0,2016,8,Emergency,84.5,1007.0,-3092.0,1
ID_K2P3AJ,Upper Nile,Manyo,65059.0,2016,10,Crisis,70.7,1007.0,-3092.0,1
ID_FAX1CQ,Upper Nile,Manyo,66206.0,2017,1,Crisis,55.3,926.0,-2842.0,1
ID_6FWTV1,Upper Nile,Manyo,66206.0,2017,2,Crisis,19.6,926.0,-2842.0,1
ID_DJJZQF,Upper Nile,Manyo,66206.0,2017,5,Crisis,34.7,926.0,-2842.0,1
ID_E8E5TN,Upper Nile,Manyo,66206.0,2017,6,Emergency,75.5,926.0,-2842.0,1
ID_LZTWXO,Upper Nile,Manyo,16689.0,2017,9,Emergency,75.5,926.0,-2842.0,1
ID_L4BKUU,Upper Nile,Manyo,16689.0,2017,10,Emergency,77.9,926.0,-2842.0,1
ID_5CZECC,Upper Nile,Manyo,17190.0,2018,1,Emergency,77.9,477.0,-984.0,1
ID_FS7I19,Upper Nile,Manyo,17190.0,2018,2,Crisis,64.0,477.0,-984.0,1
ID_MO1RTS,Upper Nile,Manyo,17190.0,2018,5,Crisis,64.0,477.0,-984.0,1
ID_XOF33Q,Upper Nile,Manyo,27779.0,2018,9,Emergency,64.0,477.0,-984.0,1
ID_E6JIXU,Upper Nile,Manyo,27779.0,2018,10,Crisis,64.8,477.0,-984.0,1
ID_B4IBHI,Upper Nile,Manyo,28826.0,2019,1,Crisis,39.6,491.0,-1014.0,1
ID_F5SL1Y,Upper Nile,Manyo,76283.0,2019,8,Crisis,55.5,491.0,-1014.0,1
ID_A1RYZT,Upper Nile,Manyo,76283.0,2019,9,Emergency,55.1,491.0,-1014.0,1
ID_BVHUAZ,Upper Nile,Manyo,76283.0,2020,1,Crisis,49.8,824.0,-1700.0,1
ID_UN6FHT,Upper Nile,Manyo,77063.0,2020,1,Crisis,51.1,824.0,-1700.0,1
ID_60KUSF,Upper Nile,Manyo,76283.0,2020,2,Crisis,40.2,824.0,-1700.0,1
ID_HVMLJE,Upper Nile,Manyo,76283.0,2020,5,Emergency,60.3,824.0,-1700.0,1
ID_KBVXSO,Upper Nile,Manyo,78934.0,2022,2,Emergency,74.7,822.0,-1855.0,1
ID_GB205H,Upper Nile,Manyo,78934.0,2022,4,Crisis,40.5,822.0,-1855.0,1
ID_U03Y53,Upper Nile,Manyo,79084.0,2022,10,Crisis,50.7,822.0,-1855.0,1
ID_MBWU5J,Upper Nile,Manyo,79084.0,2022,12,Emergency,60.7,822.0,-1855.0,1
ID_SLHGMR,Upper Nile,Manyo,79084.0,2023,4,Emergency,70.8,1080.0,-1678.0,1
ID_ZZQO17,Upper Nile,Manyo,19860.0,2023,9,Emergency,75.9,1080.0,-1678.0,1
ID_RV2Y7C,Upper Nile,Manyo,19860.0,2023,12,Crisis,50.4,1080.0,-1678.0,1
ID_DABBAJ,Upper Nile,Manyo,19860.0,2024,4,Crisis,50.4,991.0,-748.0,1
ID_AQ08DN,Upper Nile,Manyo,81456.0,2024,9,Crisis,60.4,991.0,-748.0,1
ID_X80NKX,Upper Nile,Manyo,50489.0,2024,12,Crisis,50.3,991.0,-748.0,1
ID_KBEFQ7,Upper Nile,Manyo,51269.0,2025,4,Crisis,47.5,5336.0,-1795.0,1
ID_96EW82,Upper Nile,Melut,57209.0,2014,10,Stressed,15.7,3551.5,-3587.6315789473683,0
ID_57GE0Q,Upper Nile,Melut,58253.0,2015,1,Stressed,15.7,3551.5,-3587.6315789473683,1
ID_5ZJAUC,Upper Nile,Melut,58253.0,2015,4,Crisis,54.9,3551.5,-3587.6315789473683,1
ID_YHONBP,Upper Nile,Melut,58253.0,2015,5,Crisis,29.2,3551.5,-3587.6315789473683,1
ID_QGA6X8,Upper Nile,Melut,58253.0,2015,8,Crisis,54.9,3551.5,-3587.6315789473683,1
ID_5ZZHJY,Upper Nile,Melut,58253.0,2015,10,Crisis,75.5,3551.5,-3587.6315789473683,1
ID_8GY39B,Upper Nile,Melut,59299.0,2016,1,Crisis,44.6,1338.0,-5427.0,0
ID_U4UZ2Z,Upper Nile,Melut,59299.0,2016,4,Stressed,15.2,1338.0,-5427.0,0
ID_0KDN3T,Upper Nile,Melut,59299.0,2016,5,Stressed,15.2,1338.0,-5427.0,1
ID_N60TLX,Upper Nile,Melut,59299.0,2016,8,Crisis,25.3,1338.0,-5427.0,1
ID_OUN91F,Upper Nile,Melut,59299.0,2016,10,Crisis,20.2,1338.0,-5427.0,0
ID_Y6YO8D,Upper Nile,Melut,60344.0,2017,1,Stressed,10.1,3329.0,-1720.0,0
ID_JE7XQT,Upper Nile,Melut,60344.0,2017,2,Minimal,5.0,3329.0,-1720.0,0
ID_Y6M79F,Upper Nile,Melut,60344.0,2017,5,Stressed,5.0,3329.0,-1720.0,0
ID_MW04U9,Upper Nile,Melut,60344.0,2017,6,Stressed,14.9,3329.0,-1720.0,0
ID_23O359,Upper Nile,Melut,73105.0,2017,9,Stressed,14.9,3329.0,-1720.0,1
ID_TSUJT7,Upper Nile,Melut,73105.0,2017,10,Crisis,60.2,3329.0,-1720.0,1
ID_0Y2RL4,Upper Nile,Melut,75298.0,2018,1,Crisis,35.6,4052.0,-2348.0,1
ID_N7S3HM,Upper Nile,Melut,75298.0,2018,2,Crisis,49.1,4052.0,-2348.0,1
ID_O1DXQ4,Upper Nile,Melut,75298.0,2018,5,Emergency,59.8,4052.0,-2348.0,1
ID_6GA2SD,Upper Nile,Melut,75298.0,2018,9,Emergency,59.8,4052.0,-2348.0,1
ID_FC8IO3,Upper Nile,Melut,75298.0,2018,10,Crisis,65.1,4052.0,-2348.0,0
ID_TD3ABE,Upper Nile,Melut,78137.0,2019,1,Stressed,15.9,2435.0,-4157.0,1
ID_G1CJ8P,Upper Nile,Melut,125533.0,2019,8,Crisis,41.0,2435.0,-4157.0,1
ID_MOZKNH,Upper Nile,Melut,125533.0,2019,9,Emergency,55.0,2435.0,-4157.0,1
ID_PVRWBR,Upper Nile,Melut,125533.0,2020,1,Crisis,35.1,2526.0,-4315.0,1
ID_BLBZ5N,Upper Nile,Melut,126543.0,2020,1,Crisis,45.4,2526.0,-4315.0,1
ID_TDYWM8,Upper Nile,Melut,125533.0,2020,2,Crisis,45.0,2526.0,-4315.0,1
ID_RABR6R,Upper Nile,Melut,125533.0,2020,5,Crisis,55.0,2526.0,-4315.0,1
ID_TC0Z7Q,Upper Nile,Melut,129858.0,2022,2,Crisis,59.7,3051.0,-4206.0,1
ID_0I9BL1,Upper Nile,Melut,129858.0,2022,4,Crisis,49.3,3051.0,-4206.0,1
ID_4HOAE5,Upper Nile,Melut,130105.0,2022,10,Emergency,60.1,3051.0,-4206.0,1
ID_27PSQZ,Upper Nile,Melut,130105.0,2022,12,Crisis,50.0,3051.0,-4206.0,1
ID_N7XBVZ,Upper Nile,Melut,130105.0,2023,4,Crisis,50.7,3549.0,-3926.0,1
ID_R6KFKL,Upper Nile,Melut,65142.0,2023,9,Crisis,65.3,3549.0,-3926.0,1
ID_DF4HRA,Upper Nile,Melut,65142.0,2023,12,Crisis,66.0,3549.0,-3926.0,1
ID_1361BG,Upper Nile,Melut,65142.0,2024,4,Crisis,59.9,3761.0,-1942.0,1
ID_MY4IQZ,Upper Nile,Melut,134008.0,2024,9,Crisis,70.6,3761.0,-1942.0,1
ID_6DF08U,Upper Nile,Melut,65409.0,2024,12,Crisis,45.5,3761.0,-1942.0,1
ID_PNZASY,Upper Nile,Melut,66420.0,2025,4,Crisis,39.7,6894.0,-4838.0,1
ID_WDRKUP,Upper Nile,Panyikang,51040.0,2014,10,Crisis,80.3,511.2857142857143,-2333.8571428571427,0
ID_CJ8MO7,Upper Nile,Panyikang,51973.0,2015,1,Stressed,15.7,511.2857142857143,-2333.8571428571427,1
ID_65EFUX,Upper Nile,Panyikang,51973.0,2015,4,Crisis,34.6,511.2857142857143,-2333.8571428571427,0
ID_Q9NJC2,Upper Nile,Panyikang,51973.0,2015,5,Stressed,15.4,511.2857142857143,-2333.8571428571427,1
ID_GOUIFE,Upper Nile,Panyikang,51973.0,2015,8,Crisis,65.4,511.2857142857143,-2333.8571428571427,1
ID_ZAC2EX,Upper Nile,Panyikang,51973.0,2015,10,Emergency,94.3,511.2857142857143,-2333.8571428571427,1
ID_VA5E74,Upper Nile,Panyikang,52905.0,2016,1,Crisis,90.4,104.0,-2013.0,1
ID_2GRRDN,Upper Nile,Panyikang,52905.0,2016,4,Emergency,94.5,104.0,-2013.0,1
ID_WT2FES,Upper Nile,Panyikang,52905.0,2016,5,Crisis,85.1,104.0,-2013.0,1
ID_5CS9UI,Upper Nile,Panyikang,52905.0,2016,8,Emergency,85.1,104.0,-2013.0,1
ID_14NIJC,Upper Nile,Panyikang,52905.0,2016,10,Crisis,75.6,104.0,-2013.0,1
ID_P52AY7,Upper Nile,Panyikang,53837.0,2017,1,Crisis,58.6,435.0,-2098.0,1
ID_OV50EW,Upper Nile,Panyikang,53837.0,2017,2,Crisis,20.4,435.0,-2098.0,1
ID_25X1FV,Upper Nile,Panyikang,53837.0,2017,5,Crisis,26.0,435.0,-2098.0,1
ID_K1PBCD,Upper Nile,Panyikang,53837.0,2017,6,Emergency,74.3,435.0,-2098.0,1
ID_6FXNOQ,Upper Nile,Panyikang,23760.0,2017,9,Emergency,74.3,435.0,-2098.0,1
ID_37KTLL,Upper Nile,Panyikang,23760.0,2017,10,Emergency,75.8,435.0,-2098.0,1
ID_8SN5YZ,Upper Nile,Panyikang,24473.0,2018,1,Emergency,67.3,426.0,-1654.0,1
ID_7VXUQD,Upper Nile,Panyikang,24473.0,2018,2,Emergency,81.7,426.0,-1654.0,1
ID_RMSWJJ,Upper Nile,Panyikang,24473.0,2018,5,Emergency,81.7,426.0,-1654.0,1
ID_JKSL66,Upper Nile,Panyikang,24473.0,2018,9,Emergency,85.8,426.0,-1654.0,1
ID_UML3SO,Upper Nile,Panyikang,24473.0,2018,10,Emergency,85.8,426.0,-1654.0,1
ID_JPX16F,Upper Nile,Panyikang,25395.0,2019,1,Emergency,77.6,439.0,-1704.0,1
ID_1KYNTL,Upper Nile,Panyikang,64879.0,2019,8,Emergency,74.8,439.0,-1704.0,1
ID_2UG05W,Upper Nile,Panyikang,64879.0,2019,9,Crisis,49.3,439.0,-1704.0,1
ID_H23GXR,Upper Nile,Panyikang,64879.0,2020,1,Crisis,33.9,455.0,-1768.0,1
ID_IRJUTF,Upper Nile,Panyikang,65811.0,2020,1,Crisis,55.5,455.0,-1768.0,1
ID_VJ839A,Upper Nile,Panyikang,64879.0,2020,2,Crisis,44.1,455.0,-1768.0,1
ID_G77Q9V,Upper Nile,Panyikang,64879.0,2020,5,Emergency,60.1,455.0,-1768.0,1
ID_JUHBP9,Upper Nile,Panyikang,66927.0,2022,2,Emergency,64.7,483.0,-1876.0,1
ID_VRNEGN,Upper Nile,Panyikang,66927.0,2022,4,Emergency,64.2,483.0,-1876.0,1
ID_2B4JTJ,Upper Nile,Panyikang,29779.0,2023,9,Emergency,74.7,435.0,-1995.0,1
ID_27YH6U,Upper Nile,Panyikang,29779.0,2023,12,Crisis,67.2,435.0,-1995.0,1
ID_AMWJPI,Upper Nile,Panyikang,29779.0,2024,4,Emergency,70.5,467.0,-2140.0,1
ID_WUJT4F,Upper Nile,Panyikang,69066.0,2024,9,Emergency,73.9,467.0,-2140.0,1
ID_TLH33H,Upper Nile,Panyikang,60342.0,2024,12,Emergency,65.2,467.0,-2140.0,1
ID_W8D09J,Upper Nile,Panyikang,61274.0,2025,4,Emergency,61.3,1323.0,-4724.0,1
ID_RD4HQF,Upper Nile,Renk,176018.0,2014,10,Stressed,10.2,8505.973684210527,-5213.0,0
ID_GHDILU,Upper Nile,Renk,179172.0,2015,1,Minimal,5.1,8505.973684210527,-5213.0,0
ID_VNHDCZ,Upper Nile,Renk,179172.0,2015,4,Stressed,15.1,8505.973684210527,-5213.0,0
ID_P0NWNT,Upper Nile,Renk,179172.0,2015,5,Stressed,10.0,8505.973684210527,-5213.0,0
ID_J5R2SL,Upper Nile,Renk,179172.0,2015,8,Stressed,15.1,8505.973684210527,-5213.0,0
ID_RW4VNZ,Upper Nile,Renk,179172.0,2015,10,Stressed,15.1,8505.973684210527,-5213.0,0
ID_VZN2HL,Upper Nile,Renk,182325.0,2016,1,Stressed,10.0,7068.0,-9432.0,0
ID_OIKIVQ,Upper Nile,Renk,182325.0,2016,4,Minimal,4.9,7068.0,-9432.0,0
ID_A7IZQ2,Upper Nile,Renk,182325.0,2016,5,Stressed,9.9,7068.0,-9432.0,0
ID_NMNR06,Upper Nile,Renk,182325.0,2016,8,Stressed,14.8,7068.0,-9432.0,0
ID_DJIN9R,Upper Nile,Renk,182325.0,2016,10,Stressed,9.9,7068.0,-9432.0,0
ID_G4XV34,Upper Nile,Renk,182069.0,2017,1,Minimal,4.9,6577.0,-8010.0,0
ID_9N1D6D,Upper Nile,Renk,182069.0,2017,2,Minimal,4.9,6577.0,-8010.0,0
ID_ZBC7QK,Upper Nile,Renk,182069.0,2017,5,Minimal,4.9,6577.0,-8010.0,0
ID_4K6ILS,Upper Nile,Renk,182069.0,2017,6,Stressed,14.8,6577.0,-8010.0,0
ID_IDBX28,Upper Nile,Renk,123368.0,2017,9,Stressed,14.8,6577.0,-8010.0,1
ID_7GT76I,Upper Nile,Renk,123368.0,2017,10,Emergency,50.3,6577.0,-8010.0,1
ID_3HZCD3,Upper Nile,Renk,127069.0,2018,1,Crisis,30.0,8702.0,-2734.0,1
ID_GEQ10F,Upper Nile,Renk,127069.0,2018,2,Crisis,35.4,8702.0,-2734.0,1
ID_7IA41S,Upper Nile,Renk,127069.0,2018,5,Crisis,29.9,8702.0,-2734.0,1
ID_ASCEBF,Upper Nile,Renk,127069.0,2018,9,Crisis,40.1,8702.0,-2734.0,1
ID_E54UKI,Upper Nile,Renk,127069.0,2018,10,Crisis,39.3,8702.0,-2734.0,0
ID_GDIX1C,Upper Nile,Renk,131859.0,2019,1,Stressed,15.0,6374.0,-5405.0,0
ID_NAQ2YO,Upper Nile,Renk,188564.0,2019,8,Stressed,15.2,6374.0,-5405.0,1
ID_TOS87M,Upper Nile,Renk,188564.0,2019,9,Crisis,49.9,6374.0,-5405.0,1
ID_VZ01SO,Upper Nile,Renk,188564.0,2020,1,Crisis,35.0,4960.0,-7263.0,1
ID_SR2HVN,Upper Nile,Renk,191391.0,2020,1,Crisis,35.0,4960.0,-7263.0,1
ID_KVONNL,Upper Nile,Renk,188564.0,2020,2,Crisis,45.5,4960.0,-7263.0,1
ID_HAPWF5,Upper Nile,Renk,188564.0,2020,5,Crisis,40.3,4960.0,-7263.0,1
ID_20XKIA,Upper Nile,Renk,193787.0,2022,2,Crisis,49.9,6578.0,-6390.0,1
ID_IPRQQ5,Upper Nile,Renk,193787.0,2022,4,Crisis,39.7,6578.0,-6390.0,1
ID_QOB867,Upper Nile,Renk,194155.0,2022,10,Emergency,50.1,6578.0,-6390.0,1
ID_KBQNXP,Upper Nile,Renk,194155.0,2022,12,Crisis,45.3,6578.0,-6390.0,1
ID_VMSR75,Upper Nile,Renk,194155.0,2023,4,Crisis,35.0,10078.0,-3279.0,1
ID_RMG7F9,Upper Nile,Renk,38976.0,2023,9,Crisis,44.8,10078.0,-3279.0,1
ID_FZJAHS,Upper Nile,Renk,38976.0,2023,12,Crisis,56.4,10078.0,-3279.0,1
ID_AO2QWK,Upper Nile,Renk,38976.0,2024,4,Emergency,66.7,3436.0,-177.0,1
ID_BSEPR1,Upper Nile,Renk,199980.0,2024,9,Emergency,74.4,3436.0,-177.0,1
ID_B20UC8,Upper Nile,Renk,182977.0,2024,12,Crisis,50.0,3436.0,-177.0,1
ID_7NXP0J,Upper Nile,Renk,185804.0,2025,4,Crisis,39.9,21733.0,3195.0,1
ID_F6DNOB,Upper Nile,Ulang,106441.0,2014,10,Crisis,45.1,2156.1315789473683,-7484.184210526316,0
ID_K8HUP3,Upper Nile,Ulang,108385.0,2015,1,Stressed,15.0,2156.1315789473683,-7484.184210526316,1
ID_FTJ6AC,Upper Nile,Ulang,108385.0,2015,4,Emergency,55.4,2156.1315789473683,-7484.184210526316,1
ID_4JRCQ9,Upper Nile,Ulang,108385.0,2015,5,Emergency,80.3,2156.1315789473683,-7484.184210526316,1
ID_7RCQ6W,Upper Nile,Ulang,108385.0,2015,8,Emergency,95.0,2156.1315789473683,-7484.184210526316,1
ID_948JU6,Upper Nile,Ulang,108385.0,2015,10,Crisis,79.3,2156.1315789473683,-7484.184210526316,1
ID_3LXSY4,Upper Nile,Ulang,110330.0,2016,1,Crisis,44.3,2185.0,-7622.0,1
ID_VY32I3,Upper Nile,Ulang,110330.0,2016,4,Crisis,50.8,2185.0,-7622.0,1
ID_PJ7K99,Upper Nile,Ulang,110330.0,2016,5,Crisis,30.8,2185.0,-7622.0,1
ID_BV2J3T,Upper Nile,Ulang,110330.0,2016,8,Crisis,40.8,2185.0,-7622.0,0
ID_4H8QFD,Upper Nile,Ulang,110330.0,2016,10,Stressed,15.4,2185.0,-7622.0,0
ID_TN0PLC,Upper Nile,Ulang,112275.0,2017,1,Stressed,10.0,2454.0,-8558.0,0
ID_FR7CL6,Upper Nile,Ulang,112275.0,2017,2,Stressed,5.3,2454.0,-8558.0,1
ID_P3FRB7,Upper Nile,Ulang,112275.0,2017,5,Crisis,20.5,2454.0,-8558.0,1
ID_EI5R8V,Upper Nile,Ulang,112275.0,2017,6,Crisis,49.9,2454.0,-8558.0,1
ID_O4KVFF,Upper Nile,Ulang,95880.0,2017,9,Crisis,55.2,2454.0,-8558.0,1
ID_LNCC2A,Upper Nile,Ulang,95880.0,2017,10,Emergency,60.5,2454.0,-8558.0,1
ID_TRD83X,Upper Nile,Ulang,98756.0,2018,1,Crisis,50.1,1870.0,-6524.0,1
ID_9AGE9N,Upper Nile,Ulang,98756.0,2018,2,Crisis,59.7,1870.0,-6524.0,1
ID_Y3MUB6,Upper Nile,Ulang,98756.0,2018,5,Emergency,60.8,1870.0,-6524.0,1
ID_LBU9W3,Upper Nile,Ulang,98756.0,2018,9,Emergency,69.9,1870.0,-6524.0,1
ID_GGO9DV,Upper Nile,Ulang,98756.0,2018,10,Emergency,80.0,1870.0,-6524.0,1
ID_WS3KCV,Upper Nile,Ulang,102479.0,2019,1,Crisis,69.9,1927.0,-6719.0,1
ID_JXZDVY,Upper Nile,Ulang,115640.0,2019,8,Emergency,80.0,1927.0,-6719.0,1
ID_B4XZ3M,Upper Nile,Ulang,115640.0,2019,9,Emergency,70.0,1927.0,-6719.0,1
ID_SKZO3I,Upper Nile,Ulang,115640.0,2020,1,Emergency,59.7,1999.0,-6973.0,1
ID_9LLIFF,Upper Nile,Ulang,117385.0,2020,1,Emergency,59.7,1999.0,-6973.0,1
ID_CVEDQF,Upper Nile,Ulang,115640.0,2020,2,Emergency,64.7,1999.0,-6973.0,1
ID_C1YUZP,Upper Nile,Ulang,115640.0,2020,5,Emergency,64.9,1999.0,-6973.0,1
ID_EX7TV7,Upper Nile,Ulang,141134.0,2022,2,Emergency,70.0,1620.0,-7898.0,1
ID_HRBFGC,Upper Nile,Ulang,141134.0,2022,4,Emergency,49.6,1620.0,-7898.0,1
ID_B4JGRX,Upper Nile,Ulang,141402.0,2022,10,Emergency,59.5,1620.0,-7898.0,1
ID_OZLEL8,Upper Nile,Ulang,141402.0,2022,12,Emergency,65.1,1620.0,-7898.0,1
ID_PL6UZA,Upper Nile,Ulang,141402.0,2023,4,Emergency,70.0,1517.0,-8287.0,1
ID_28OR9F,Upper Nile,Ulang,58708.0,2023,9,Emergency,70.0,1517.0,-8287.0,1
ID_5IV86Z,Upper Nile,Ulang,58708.0,2023,12,Crisis,64.7,1517.0,-8287.0,1
ID_P1WZ2N,Upper Nile,Ulang,58708.0,2024,4,Crisis,59.6,1336.0,-3804.0,1
ID_AR3SHL,Upper Nile,Ulang,145644.0,2024,9,Emergency,69.8,1336.0,-3804.0,1
ID_X0ST69,Upper Nile,Ulang,112966.0,2024,12,Crisis,60.4,1336.0,-3804.0,1
ID_WWP82Q,Upper Nile,Ulang,114711.0,2025,4,Crisis,49.6,3836.0,-8915.0,1
ID_ZTT1BL,Warrap,Gogrial East,142190.0,2014,10,Stressed,9.8,10393.263157894737,-4020.184210526316,0
ID_OW2R57,Warrap,Gogrial East,144789.0,2015,1,Minimal,4.9,10393.263157894737,-4020.184210526316,0
ID_6VILVQ,Warrap,Gogrial East,144789.0,2015,4,Stressed,9.7,10393.263157894737,-4020.184210526316,1
ID_KXBI6J,Warrap,Gogrial East,144789.0,2015,5,Crisis,60.1,10393.263157894737,-4020.184210526316,1
ID_JTB8QO,Warrap,Gogrial East,144789.0,2015,8,Crisis,60.1,10393.263157894737,-4020.184210526316,1
ID_P82J3T,Warrap,Gogrial East,144789.0,2015,10,Crisis,29.7,10393.263157894737,-4020.184210526316,0
ID_PS82XL,Warrap,Gogrial East,147386.0,2016,1,Stressed,9.7,10131.0,-3159.0,0
ID_VB9HXK,Warrap,Gogrial East,147386.0,2016,4,Stressed,14.9,10131.0,-3159.0,1
ID_EI9ULT,Warrap,Gogrial East,147386.0,2016,5,Crisis,45.5,10131.0,-3159.0,1
ID_HYCX8A,Warrap,Gogrial East,147386.0,2016,8,Crisis,44.8,10131.0,-3159.0,1
ID_E0JXYO,Warrap,Gogrial East,147386.0,2016,10,Crisis,45.5,10131.0,-3159.0,1
ID_6HFD7L,Warrap,Gogrial East,149984.0,2017,1,Crisis,24.4,10908.0,-3401.0,1
ID_TTC954,Warrap,Gogrial East,149984.0,2017,2,Crisis,19.3,10908.0,-3401.0,0
ID_AI2278,Warrap,Gogrial East,149984.0,2017,5,Stressed,14.7,10908.0,-3401.0,1
ID_EQE12Q,Warrap,Gogrial East,149984.0,2017,6,Crisis,40.0,10908.0,-3401.0,1
ID_EYKC2M,Warrap,Gogrial East,117079.0,2017,9,Crisis,59.3,10908.0,-3401.0,1
ID_NG806W,Warrap,Gogrial East,117079.0,2017,10,Emergency,49.5,10908.0,-3401.0,1
ID_819FMS,Warrap,Gogrial East,137155.0,2018,1,Crisis,55.5,7859.0,-3597.0,1
ID_YG91MM,Warrap,Gogrial East,137155.0,2018,2,Crisis,50.3,7859.0,-3597.0,1
ID_O1DS3H,Warrap,Gogrial East,137155.0,2018,5,Crisis,55.4,7859.0,-3597.0,1
ID_GW10C9,Warrap,Gogrial East,137155.0,2018,9,Emergency,64.9,7859.0,-3597.0,1
ID_IX6R1N,Warrap,Gogrial East,137155.0,2018,10,Emergency,54.7,7859.0,-3597.0,0
ID_XHBQAM,Warrap,Gogrial East,142326.0,2019,1,Stressed,15.3,3243.0,-6869.0,1
ID_97XO48,Warrap,Gogrial East,126978.0,2019,8,Crisis,24.6,3243.0,-6869.0,1
ID_5D4VUE,Warrap,Gogrial East,126978.0,2019,9,Crisis,64.6,3243.0,-6869.0,0
ID_ER90MW,Warrap,Gogrial East,126978.0,2020,1,Stressed,15.0,7962.0,-5965.0,1
ID_B4LL3K,Warrap,Gogrial East,129097.0,2020,1,Crisis,29.9,7962.0,-5965.0,1
ID_4BK8EJ,Warrap,Gogrial East,126978.0,2020,2,Crisis,34.9,7962.0,-5965.0,1
ID_NFMOCT,Warrap,Gogrial East,126978.0,2020,5,Crisis,40.2,7962.0,-5965.0,1
ID_CLKA9L,Warrap,Gogrial East,130879.0,2022,2,Crisis,49.6,7163.0,-7612.0,1
ID_Z57V4N,Warrap,Gogrial East,130879.0,2022,4,Crisis,55.0,7163.0,-7612.0,1
ID_DJM5GH,Warrap,Gogrial East,131128.0,2022,10,Emergency,64.9,7163.0,-7612.0,1
ID_2IJ4TT,Warrap,Gogrial East,131128.0,2022,12,Emergency,54.9,7163.0,-7612.0,1
ID_43TUYK,Warrap,Gogrial East,131128.0,2023,4,Emergency,60.2,7378.0,-7840.0,1
ID_TK61B7,Warrap,Gogrial East,273977.0,2023,9,Emergency,64.8,7378.0,-7840.0,1
ID_PXJBC8,Warrap,Gogrial East,273977.0,2023,12,Crisis,35.0,7378.0,-7840.0,1
ID_VDRQNT,Warrap,Gogrial East,273977.0,2024,4,Crisis,44.9,25151.0,-1658.0,1
ID_JVU2CG,Warrap,Gogrial East,135062.0,2024,9,Crisis,55.1,25151.0,-1658.0,1
ID_XU5WAH,Warrap,Gogrial East,137193.0,2024,12,Crisis,45.2,25151.0,-1658.0,1
ID_ZG85S9,Warrap,Gogrial East,139312.0,2025,4,Emergency,54.7,13630.0,414.0,1
ID_ASJ21G,Warrap,Gogrial West,320287.0,2014,10,Stressed,5.0,48157.31578947369,8626.473684210527,0
ID_TCHYGT,Warrap,Gogrial West,326139.0,2015,1,Minimal,0.0,48157.31578947369,8626.473684210527,0
ID_MOV6KI,Warrap,Gogrial West,326139.0,2015,4,Stressed,10.1,48157.31578947369,8626.473684210527,1
ID_4EPXR9,Warrap,Gogrial West,326139.0,2015,5,Crisis,44.8,48157.31578947369,8626.473684210527,1
ID_OGJEGX,Warrap,Gogrial West,326139.0,2015,8,Crisis,50.0,48157.31578947369,8626.473684210527,1
ID_EYEB90,Warrap,Gogrial West,326139.0,2015,10,Crisis,30.0,48157.31578947369,8626.473684210527,0
ID_0YEH8U,Warrap,Gogrial West,331990.0,2016,1,Stressed,10.1,36340.0,1291.0,0
ID_XZ3ADH,Warrap,Gogrial West,331990.0,2016,4,Stressed,15.1,36340.0,1291.0,0
ID_F025LO,Warrap,Gogrial West,331990.0,2016,5,Stressed,15.1,36340.0,1291.0,1
ID_XYPHWH,Warrap,Gogrial West,331990.0,2016,8,Crisis,20.2,36340.0,1291.0,1
ID_M54XR8,Warrap,Gogrial West,331990.0,2016,10,Crisis,44.9,36340.0,1291.0,1
ID_PJPF24,Warrap,Gogrial West,337842.0,2017,1,Crisis,25.0,52249.0,15982.0,0
ID_0SHDKK,Warrap,Gogrial West,337842.0,2017,2,Stressed,15.1,52249.0,15982.0,1
ID_G1R1CQ,Warrap,Gogrial West,337842.0,2017,5,Crisis,25.2,52249.0,15982.0,1
ID_KIH548,Warrap,Gogrial West,337842.0,2017,6,Crisis,50.0,52249.0,15982.0,1
ID_JRPE2X,Warrap,Gogrial West,349873.0,2017,9,Crisis,60.1,52249.0,15982.0,1
ID_N9TXFJ,Warrap,Gogrial West,349873.0,2017,10,Emergency,70.0,52249.0,15982.0,1
ID_NJD5SL,Warrap,Gogrial West,340952.0,2018,1,Crisis,49.7,51623.0,13784.0,1
ID_OC8D6J,Warrap,Gogrial West,340952.0,2018,2,Crisis,49.9,51623.0,13784.0,1
ID_I874U7,Warrap,Gogrial West,340952.0,2018,5,Crisis,59.8,51623.0,13784.0,1
ID_7W9A8L,Warrap,Gogrial West,340952.0,2018,9,Emergency,59.8,51623.0,13784.0,1
ID_YTUAGD,Warrap,Gogrial West,340952.0,2018,10,Emergency,59.8,51623.0,13784.0,0
ID_L1J2VW,Warrap,Gogrial West,353806.0,2019,1,Stressed,15.0,14651.0,-20650.0,1
ID_Y8UMNW,Warrap,Gogrial West,314363.0,2019,8,Crisis,30.0,14651.0,-20650.0,1
ID_6L4M1T,Warrap,Gogrial West,314363.0,2019,9,Crisis,54.7,14651.0,-20650.0,1
ID_RPUYD6,Warrap,Gogrial West,314363.0,2020,1,Crisis,20.0,43642.0,5377.0,1
ID_I5HO9C,Warrap,Gogrial West,319368.0,2020,1,Crisis,39.8,43642.0,5377.0,1
ID_Y9PE0H,Warrap,Gogrial West,314363.0,2020,2,Crisis,45.1,43642.0,5377.0,1
ID_DJ7O9X,Warrap,Gogrial West,314363.0,2020,5,Crisis,44.9,43642.0,5377.0,1
ID_66D7WD,Warrap,Gogrial West,325922.0,2022,2,Emergency,55.0,35728.0,-4867.0,1
ID_JV07IR,Warrap,Gogrial West,325922.0,2022,4,Emergency,54.9,35728.0,-4867.0,1
ID_JG107R,Warrap,Gogrial West,326541.0,2022,10,Emergency,65.0,35728.0,-4867.0,1
ID_925DSI,Warrap,Gogrial West,326541.0,2022,12,Emergency,54.8,35728.0,-4867.0,1
ID_UAZ71U,Warrap,Gogrial West,326541.0,2023,4,Emergency,49.9,53336.0,11523.0,1
ID_F09UYG,Warrap,Gogrial West,582379.0,2023,9,Emergency,65.2,53336.0,11523.0,1
ID_3IBG3H,Warrap,Gogrial West,582379.0,2023,12,Crisis,40.0,53336.0,11523.0,1
ID_KCQWB0,Warrap,Gogrial West,582379.0,2024,4,Crisis,45.0,88378.0,25393.0,1
ID_0N114P,Warrap,Gogrial West,336337.0,2024,9,Emergency,54.9,88378.0,25393.0,1
ID_Y4FNGB,Warrap,Gogrial West,324005.0,2024,12,Crisis,40.1,88378.0,25393.0,1
ID_G4PDFC,Warrap,Gogrial West,329010.0,2025,4,Crisis,50.0,55786.0,19411.0,1
ID_OPZFZZ,Warrap,Tonj East,132384.0,2014,10,Stressed,5.3,9243.394736842103,-6684.210526315789,0
ID_5T6V8V,Warrap,Tonj East,134803.0,2015,1,Minimal,0.0,9243.394736842103,-6684.210526315789,0
ID_LQ3VXH,Warrap,Tonj East,134803.0,2015,4,Stressed,9.6,9243.394736842103,-6684.210526315789,1
ID_QG4QLV,Warrap,Tonj East,134803.0,2015,5,Crisis,80.1,9243.394736842103,-6684.210526315789,1
ID_724HK1,Warrap,Tonj East,134803.0,2015,8,Crisis,80.1,9243.394736842103,-6684.210526315789,1
ID_QDU2EB,Warrap,Tonj East,134803.0,2015,10,Crisis,29.7,9243.394736842103,-6684.210526315789,0
ID_0T4UOX,Warrap,Tonj East,137222.0,2016,1,Stressed,9.6,6220.0,-6715.0,0
ID_Z3BG52,Warrap,Tonj East,137222.0,2016,4,Stressed,15.3,6220.0,-6715.0,1
ID_IB4TCT,Warrap,Tonj East,137222.0,2016,5,Crisis,55.4,6220.0,-6715.0,1
ID_DSDJT3,Warrap,Tonj East,137222.0,2016,8,Crisis,55.4,6220.0,-6715.0,1
ID_BR4F2Z,Warrap,Tonj East,137222.0,2016,10,Crisis,36.4,6220.0,-6715.0,0
ID_DFPPWC,Warrap,Tonj East,139640.0,2017,1,Stressed,15.3,6788.0,-7327.0,0
ID_1QY9MB,Warrap,Tonj East,139640.0,2017,2,Stressed,15.0,6788.0,-7327.0,1
ID_AAXA3B,Warrap,Tonj East,139640.0,2017,5,Crisis,20.1,6788.0,-7327.0,1
ID_L13VCG,Warrap,Tonj East,139640.0,2017,6,Crisis,40.1,6788.0,-7327.0,1
ID_8D2TN2,Warrap,Tonj East,127006.0,2017,9,Crisis,50.1,6788.0,-7327.0,1
ID_0VZ9LY,Warrap,Tonj East,127006.0,2017,10,Crisis,44.9,6788.0,-7327.0,0
ID_2SKKFT,Warrap,Tonj East,116899.0,2018,1,Stressed,15.0,6291.0,-6791.0,1
ID_FYTKS1,Warrap,Tonj East,116899.0,2018,2,Crisis,50.5,6291.0,-6791.0,1
ID_F3KWBN,Warrap,Tonj East,116899.0,2018,5,Crisis,55.6,6291.0,-6791.0,1
ID_BPAVAJ,Warrap,Tonj East,116899.0,2018,9,Emergency,59.9,6291.0,-6791.0,1
ID_IMMNST,Warrap,Tonj East,116899.0,2018,10,Crisis,59.9,6291.0,-6791.0,0
ID_OUIFJI,Warrap,Tonj East,121306.0,2019,1,Stressed,15.4,5604.0,-1717.0,1
ID_LXN32N,Warrap,Tonj East,146892.0,2019,8,Crisis,24.7,5604.0,-1717.0,1
ID_BZWBHO,Warrap,Tonj East,146892.0,2019,9,Crisis,59.9,5604.0,-1717.0,0
ID_4UW2AW,Warrap,Tonj East,146892.0,2020,1,Stressed,15.0,6008.0,-6486.0,1
ID_W77GCJ,Warrap,Tonj East,149275.0,2020,1,Crisis,44.9,6008.0,-6486.0,1
ID_BEO4EU,Warrap,Tonj East,146892.0,2020,2,Crisis,40.2,6008.0,-6486.0,1
ID_TAWJ4G,Warrap,Tonj East,146892.0,2020,5,Crisis,55.1,6008.0,-6486.0,1
ID_8R7SN1,Warrap,Tonj East,138389.0,2022,2,Emergency,59.9,5043.0,-8212.0,1
ID_TCJFCZ,Warrap,Tonj East,138389.0,2022,4,Emergency,70.1,5043.0,-8212.0,1
ID_WKGUY0,Warrap,Tonj East,184757.0,2022,10,Emergency,75.2,5043.0,-8212.0,1
ID_OFIPZN,Warrap,Tonj East,184757.0,2022,12,Emergency,54.7,5043.0,-8212.0,1
ID_0THL2C,Warrap,Tonj East,184757.0,2023,4,Emergency,49.8,5454.0,-8199.0,1
ID_53K9OM,Warrap,Tonj East,405663.0,2023,9,Emergency,69.8,5454.0,-8199.0,1
ID_115BOI,Warrap,Tonj East,405663.0,2023,12,Crisis,29.8,5454.0,-8199.0,1
ID_YMYK86,Warrap,Tonj East,405663.0,2024,4,Crisis,40.2,31795.0,-9988.0,1
ID_ADNOKK,Warrap,Tonj East,190300.0,2024,9,Crisis,55.0,31795.0,-9988.0,1
ID_U3S710,Warrap,Tonj East,154247.0,2024,12,Crisis,40.5,31795.0,-9988.0,1
ID_NUSG9L,Warrap,Tonj East,156630.0,2025,4,Emergency,49.9,14637.0,-4964.0,1
ID_9Q3CYB,Warrap,Tonj North,208118.0,2014,10,Stressed,4.8,19482.84210526316,-7832.921052631579,0
ID_YC4I6H,Warrap,Tonj North,211921.0,2015,1,Minimal,0.0,19482.84210526316,-7832.921052631579,0
ID_1M3JLZ,Warrap,Tonj North,211921.0,2015,4,Stressed,9.9,19482.84210526316,-7832.921052631579,1
ID_OHFDDV,Warrap,Tonj North,211921.0,2015,5,Crisis,75.0,19482.84210526316,-7832.921052631579,1
ID_SZ2TVH,Warrap,Tonj North,211921.0,2015,8,Crisis,75.0,19482.84210526316,-7832.921052631579,1
ID_VWHHOL,Warrap,Tonj North,211921.0,2015,10,Crisis,30.2,19482.84210526316,-7832.921052631579,0
ID_I54087,Warrap,Tonj North,215724.0,2016,1,Stressed,9.9,16404.0,-4869.0,0
ID_WS1LOQ,Warrap,Tonj North,215724.0,2016,4,Stressed,14.8,16404.0,-4869.0,1
ID_SOT56A,Warrap,Tonj North,215724.0,2016,5,Crisis,45.4,16404.0,-4869.0,1
ID_G39BD2,Warrap,Tonj North,215724.0,2016,8,Crisis,45.0,16404.0,-4869.0,1
ID_EEV7IN,Warrap,Tonj North,215724.0,2016,10,Crisis,40.3,16404.0,-4869.0,0
ID_RZJK9E,Warrap,Tonj North,219526.0,2017,1,Stressed,14.8,18247.0,-3726.0,0
ID_0OAWHN,Warrap,Tonj North,219526.0,2017,2,Stressed,15.0,18247.0,-3726.0,1
ID_2ECLCE,Warrap,Tonj North,219526.0,2017,5,Crisis,20.0,18247.0,-3726.0,1
ID_S1KTIO,Warrap,Tonj North,219526.0,2017,6,Crisis,40.1,18247.0,-3726.0,1
ID_R4V1OG,Warrap,Tonj North,233693.0,2017,9,Crisis,50.1,18247.0,-3726.0,1
ID_07VSCQ,Warrap,Tonj North,233693.0,2017,10,Crisis,24.8,18247.0,-3726.0,0
ID_MPD7Z4,Warrap,Tonj North,240704.0,2018,1,Stressed,15.0,19988.0,-4082.0,1
ID_KSO03W,Warrap,Tonj North,240704.0,2018,2,Crisis,39.9,19988.0,-4082.0,1
ID_2MROP2,Warrap,Tonj North,240704.0,2018,5,Crisis,44.9,19988.0,-4082.0,1
ID_BYEE2A,Warrap,Tonj North,240704.0,2018,9,Crisis,54.8,19988.0,-4082.0,1
ID_BG9SHO,Warrap,Tonj North,240704.0,2018,10,Emergency,59.8,19988.0,-4082.0,0
ID_5D5AFQ,Warrap,Tonj North,249779.0,2019,1,Stressed,15.0,7554.0,-5867.0,1
ID_L0DGH6,Warrap,Tonj North,262302.0,2019,8,Crisis,24.8,7554.0,-5867.0,1
ID_M3SGUR,Warrap,Tonj North,262302.0,2019,9,Crisis,49.9,7554.0,-5867.0,1
ID_4PU6W9,Warrap,Tonj North,262302.0,2020,1,Crisis,35.1,17091.0,-8636.0,1
ID_3K8EKT,Warrap,Tonj North,265692.0,2020,1,Crisis,30.1,17091.0,-8636.0,1
ID_292MI5,Warrap,Tonj North,262302.0,2020,2,Crisis,50.1,17091.0,-8636.0,1
ID_60TOHX,Warrap,Tonj North,262302.0,2020,5,Crisis,40.0,17091.0,-8636.0,1
ID_WEDNYA,Warrap,Tonj North,263044.0,2022,2,Crisis,49.9,14732.0,-12561.0,1
ID_3S9UCK,Warrap,Tonj North,263044.0,2022,4,Emergency,70.0,14732.0,-12561.0,1
ID_U7ZQJ3,Warrap,Tonj North,263544.0,2022,10,Emergency,74.9,14732.0,-12561.0,1
ID_OVU7PW,Warrap,Tonj North,263544.0,2022,12,Emergency,55.0,14732.0,-12561.0,1
ID_35X3X1,Warrap,Tonj North,263544.0,2023,4,Emergency,60.0,14090.0,-14022.0,1
ID_0Y14DS,Warrap,Tonj North,651355.0,2023,9,Emergency,64.9,14090.0,-14022.0,1
ID_F2UWUF,Warrap,Tonj North,651355.0,2023,12,Crisis,35.0,14090.0,-14022.0,1
ID_UK15U2,Warrap,Tonj North,651355.0,2024,4,Crisis,39.9,47191.0,-19897.0,1
ID_486D43,Warrap,Tonj North,271450.0,2024,9,Crisis,50.0,47191.0,-19897.0,1
ID_I21PU8,Warrap,Tonj North,219468.0,2024,12,Crisis,35.0,47191.0,-19897.0,1
ID_BWAUFX,Warrap,Tonj North,222858.0,2025,4,Crisis,45.1,24021.0,-3938.0,1
ID_QP6XGH,Warrap,Tonj South,108454.0,2014,10,Crisis,20.3,19659.105263157893,4887.184210526316,0
ID_U9IVLX,Warrap,Tonj South,110436.0,2015,1,Stressed,4.6,19659.105263157893,4887.184210526316,1
ID_6X6SXU,Warrap,Tonj South,110436.0,2015,4,Crisis,25.4,19659.105263157893,4887.184210526316,1
ID_A3KAMO,Warrap,Tonj South,110436.0,2015,5,Crisis,45.3,19659.105263157893,4887.184210526316,1
ID_X96UPB,Warrap,Tonj South,110436.0,2015,8,Crisis,45.3,19659.105263157893,4887.184210526316,1
ID_22O1TF,Warrap,Tonj South,110436.0,2015,10,Crisis,30.8,19659.105263157893,4887.184210526316,0
ID_XDTUMW,Warrap,Tonj South,112417.0,2016,1,Stressed,10.0,12865.0,3281.0,0
ID_7HU3D3,Warrap,Tonj South,112417.0,2016,4,Stressed,15.1,12865.0,3281.0,1
ID_513LM7,Warrap,Tonj South,112417.0,2016,5,Crisis,40.0,12865.0,3281.0,1
ID_E41OFV,Warrap,Tonj South,112417.0,2016,8,Crisis,40.0,12865.0,3281.0,1
ID_14J643,Warrap,Tonj South,112417.0,2016,10,Crisis,40.0,12865.0,3281.0,0
ID_F1AYSV,Warrap,Tonj South,114399.0,2017,1,Stressed,15.1,16381.0,6030.0,0
ID_6O9E9N,Warrap,Tonj South,114399.0,2017,2,Stressed,14.9,16381.0,6030.0,1
ID_HCGW33,Warrap,Tonj South,114399.0,2017,5,Crisis,20.1,16381.0,6030.0,0
ID_A8NCXC,Warrap,Tonj South,114399.0,2017,6,Stressed,17.5,16381.0,6030.0,1
ID_WC0BOG,Warrap,Tonj South,125581.0,2017,9,Crisis,44.6,16381.0,6030.0,1
ID_WHUPOF,Warrap,Tonj South,125581.0,2017,10,Crisis,45.4,16381.0,6030.0,0
ID_0HKARP,Warrap,Tonj South,129349.0,2018,1,Stressed,15.1,19738.0,8097.0,1
ID_KFZQFO,Warrap,Tonj South,129349.0,2018,2,Crisis,39.4,19738.0,8097.0,1
ID_5YVMTD,Warrap,Tonj South,129349.0,2018,5,Crisis,44.8,19738.0,8097.0,1
ID_503779,Warrap,Tonj South,129349.0,2018,9,Crisis,54.9,19738.0,8097.0,1
ID_U7C1A7,Warrap,Tonj South,129349.0,2018,10,Crisis,54.9,19738.0,8097.0,0
ID_YJ8HQD,Warrap,Tonj South,134225.0,2019,1,Stressed,14.7,44270.0,7395.0,1
ID_E7M7H6,Warrap,Tonj South,109316.0,2019,8,Crisis,24.6,44270.0,7395.0,1
ID_OQ7QH9,Warrap,Tonj South,109316.0,2019,9,Crisis,59.5,44270.0,7395.0,0
ID_6YCFNH,Warrap,Tonj South,109316.0,2020,1,Stressed,14.6,21096.0,8654.0,1
ID_P39LQT,Warrap,Tonj South,111092.0,2020,1,Crisis,44.8,21096.0,8654.0,1
ID_9NGQ6T,Warrap,Tonj South,109316.0,2020,2,Crisis,39.6,21096.0,8654.0,1
ID_LV0GUB,Warrap,Tonj South,109316.0,2020,5,Crisis,54.9,21096.0,8654.0,1
ID_5KB3PK,Warrap,Tonj South,119379.0,2022,2,Emergency,60.4,14347.0,1147.0,1
ID_BQY3OT,Warrap,Tonj South,119379.0,2022,4,Emergency,65.3,14347.0,1147.0,1
ID_760RS6,Warrap,Tonj South,119606.0,2022,10,Emergency,75.4,14347.0,1147.0,1
ID_C4X56V,Warrap,Tonj South,119606.0,2022,12,Emergency,55.2,14347.0,1147.0,1
ID_3DGS9G,Warrap,Tonj South,119606.0,2023,4,Emergency,65.2,14630.0,1034.0,1
ID_T0R0VI,Warrap,Tonj South,292317.0,2023,9,Emergency,70.2,14630.0,1034.0,1
ID_P35T54,Warrap,Tonj South,292317.0,2023,12,Crisis,35.2,14630.0,1034.0,1
ID_GYLBI1,Warrap,Tonj South,292317.0,2024,4,Crisis,40.0,29451.0,2355.0,1
ID_8A2VZP,Warrap,Tonj South,123194.0,2024,9,Crisis,49.9,29451.0,2355.0,1
ID_Y9QZO7,Warrap,Tonj South,115022.0,2024,12,Crisis,25.2,29451.0,2355.0,1
ID_IO2F2N,Warrap,Tonj South,116799.0,2025,4,Crisis,35.6,14654.0,3235.0,1
ID_ATD4GW,Warrap,Twic,343414.0,2014,10,Crisis,20.1,26107.92105263158,-8538.394736842105,0
ID_LF9YXA,Warrap,Twic,348867.0,2015,1,Stressed,9.9,26107.92105263158,-8538.394736842105,0
ID_M97YOF,Warrap,Twic,348867.0,2015,4,Stressed,10.0,26107.92105263158,-8538.394736842105,0
ID_CX7CUL,Warrap,Twic,348867.0,2015,5,Stressed,14.9,26107.92105263158,-8538.394736842105,0
ID_OQVBV1,Warrap,Twic,348867.0,2015,8,Stressed,14.9,26107.92105263158,-8538.394736842105,1
ID_JPVKTA,Warrap,Twic,348867.0,2015,10,Crisis,30.1,26107.92105263158,-8538.394736842105,0
ID_F6BLBV,Warrap,Twic,354318.0,2016,1,Stressed,10.0,26327.0,-7224.0,0
ID_0XT9VY,Warrap,Twic,354318.0,2016,4,Stressed,15.0,26327.0,-7224.0,1
ID_SKE5M0,Warrap,Twic,354318.0,2016,5,Crisis,40.1,26327.0,-7224.0,1
ID_SWXKQT,Warrap,Twic,354318.0,2016,8,Crisis,40.1,26327.0,-7224.0,1
ID_Q36ZPM,Warrap,Twic,354318.0,2016,10,Crisis,35.0,26327.0,-7224.0,1
ID_G6OOH1,Warrap,Twic,359771.0,2017,1,Crisis,25.1,28550.0,-4296.0,1
ID_XAWJ28,Warrap,Twic,359771.0,2017,2,Crisis,30.0,28550.0,-4296.0,1
ID_CW9RTN,Warrap,Twic,359771.0,2017,5,Crisis,20.0,28550.0,-4296.0,0
ID_FW6SZF,Warrap,Twic,359771.0,2017,6,Stressed,18.1,28550.0,-4296.0,1
ID_4LUR02,Warrap,Twic,413144.0,2017,9,Crisis,35.0,28550.0,-4296.0,1
ID_TYAXY2,Warrap,Twic,413144.0,2017,10,Emergency,60.0,28550.0,-4296.0,1
ID_NZ5X51,Warrap,Twic,425538.0,2018,1,Crisis,20.1,30516.0,-7783.0,1
ID_O0LQBY,Warrap,Twic,425538.0,2018,2,Crisis,50.1,30516.0,-7783.0,1
ID_G6G04J,Warrap,Twic,425538.0,2018,5,Emergency,55.0,30516.0,-7783.0,1
ID_GSQOF3,Warrap,Twic,425538.0,2018,9,Emergency,64.9,30516.0,-7783.0,1
ID_WGI8Y0,Warrap,Twic,425538.0,2018,10,Crisis,40.2,30516.0,-7783.0,0
ID_423H7T,Warrap,Twic,441581.0,2019,1,Stressed,15.0,5066.0,-6975.0,1
ID_6UDOJY,Warrap,Twic,262546.0,2019,8,Crisis,24.9,5066.0,-6975.0,1
ID_6G107G,Warrap,Twic,262546.0,2019,9,Crisis,64.8,5066.0,-6975.0,1
ID_8O8G8H,Warrap,Twic,262546.0,2020,1,Crisis,19.8,28239.0,-12696.0,1
ID_ZMVYD4,Warrap,Twic,266751.0,2020,1,Crisis,30.1,28239.0,-12696.0,1
ID_7DZNAX,Warrap,Twic,262546.0,2020,2,Crisis,40.1,28239.0,-12696.0,1
ID_S88UAL,Warrap,Twic,262546.0,2020,5,Crisis,40.0,28239.0,-12696.0,1
ID_RY3IGW,Warrap,Twic,270420.0,2022,2,Crisis,49.9,23592.0,-19836.0,1
ID_EYSU7E,Warrap,Twic,270420.0,2022,4,Emergency,65.1,23592.0,-19836.0,1
ID_RRBSZU,Warrap,Twic,270934.0,2022,10,Emergency,69.9,23592.0,-19836.0,1
ID_JB4HLL,Warrap,Twic,270934.0,2022,12,Emergency,65.0,23592.0,-19836.0,1
ID_QLLD0N,Warrap,Twic,270934.0,2023,4,Emergency,65.0,33429.0,-11302.0,1
ID_53R4SI,Warrap,Twic,433796.0,2023,9,Emergency,74.9,33429.0,-11302.0,1
ID_P4B8J4,Warrap,Twic,433796.0,2023,12,Crisis,45.0,33429.0,-11302.0,1
ID_ZXD82B,Warrap,Twic,433796.0,2024,4,Emergency,55.1,31469.0,-8744.0,1
ID_MQW8EV,Warrap,Twic,279062.0,2024,9,Emergency,65.0,31469.0,-8744.0,1
ID_RC0ERJ,Warrap,Twic,272179.0,2024,12,Crisis,45.2,31469.0,-8744.0,1
ID_E4S4MF,Warrap,Twic,276384.0,2025,4,Emergency,54.7,24092.0,-1777.0,1
ID_EL33PC,Western Bahr El Ghazal,Jur River,198324.0,2014,10,Stressed,10.1,83849.71052631579,63899.5,0
ID_L1S2QP,Western Bahr El Ghazal,Jur River,201947.0,2015,1,Minimal,5.0,83849.71052631579,63899.5,0
ID_KGRMM0,Western Bahr El Ghazal,Jur River,201947.0,2015,4,Stressed,5.0,83849.71052631579,63899.5,1
ID_YTMV82,Western Bahr El Ghazal,Jur River,201947.0,2015,5,Crisis,34.7,83849.71052631579,63899.5,1
ID_LZWGE8,Western Bahr El Ghazal,Jur River,201947.0,2015,8,Crisis,40.1,83849.71052631579,63899.5,1
ID_683PLE,Western Bahr El Ghazal,Jur River,201947.0,2015,10,Crisis,24.8,83849.71052631579,63899.5,0
ID_45B2NI,Western Bahr El Ghazal,Jur River,205571.0,2016,1,Stressed,9.9,19395.0,-3364.0,0
ID_XI8E55,Western Bahr El Ghazal,Jur River,205571.0,2016,4,Stressed,15.1,19395.0,-3364.0,0
ID_325CAM,Western Bahr El Ghazal,Jur River,205571.0,2016,5,Stressed,10.2,19395.0,-3364.0,1
ID_BHWTGD,Western Bahr El Ghazal,Jur River,205571.0,2016,8,Crisis,30.2,19395.0,-3364.0,1
ID_K4SNV9,Western Bahr El Ghazal,Jur River,205571.0,2016,10,Crisis,35.0,19395.0,-3364.0,1
ID_RR49HQ,Western Bahr El Ghazal,Jur River,209195.0,2017,1,Crisis,30.2,18526.0,-4766.0,0
ID_WP8XFA,Western Bahr El Ghazal,Jur River,209195.0,2017,2,Stressed,14.8,18526.0,-4766.0,0
ID_NS0GNH,Western Bahr El Ghazal,Jur River,209195.0,2017,5,Stressed,20.1,18526.0,-4766.0,1
ID_8S2GT3,Western Bahr El Ghazal,Jur River,209195.0,2017,6,Crisis,26.8,18526.0,-4766.0,1
ID_0GCHF4,Western Bahr El Ghazal,Jur River,153643.0,2017,9,Crisis,49.7,18526.0,-4766.0,1
ID_AKDNAD,Western Bahr El Ghazal,Jur River,153643.0,2017,10,Crisis,65.1,18526.0,-4766.0,1
ID_IJFZQA,Western Bahr El Ghazal,Jur River,158253.0,2018,1,Crisis,49.5,13187.0,-4221.0,0
ID_FQSDQ2,Western Bahr El Ghazal,Jur River,158253.0,2018,2,Stressed,10.1,13187.0,-4221.0,0
ID_6RL0NW,Western Bahr El Ghazal,Jur River,158253.0,2018,5,Stressed,15.2,13187.0,-4221.0,1
ID_RN57LW,Western Bahr El Ghazal,Jur River,158253.0,2018,9,Crisis,25.3,13187.0,-4221.0,1
ID_S1YQ6T,Western Bahr El Ghazal,Jur River,158253.0,2018,10,Crisis,30.3,13187.0,-4221.0,0
ID_0OTGPE,Western Bahr El Ghazal,Jur River,164219.0,2019,1,Stressed,10.1,18529.0,-6263.0,0
ID_QCYH20,Western Bahr El Ghazal,Jur River,273118.0,2019,8,Stressed,9.7,18529.0,-6263.0,1
ID_7X887L,Western Bahr El Ghazal,Jur River,273118.0,2019,9,Crisis,69.9,18529.0,-6263.0,1
ID_GUUW05,Western Bahr El Ghazal,Jur River,273118.0,2020,1,Crisis,35.1,12333.0,-6274.0,0
ID_802XVX,Western Bahr El Ghazal,Jur River,275740.0,2020,1,Stressed,5.1,12333.0,-6274.0,1
ID_ITIFXZ,Western Bahr El Ghazal,Jur River,273118.0,2020,2,Crisis,35.2,12333.0,-6274.0,0
ID_IU6HUL,Western Bahr El Ghazal,Jur River,273118.0,2020,5,Stressed,9.9,12333.0,-6274.0,0
ID_PRX05H,Western Bahr El Ghazal,Jur River,283228.0,2022,2,Stressed,20.1,614643.0,625499.0,1
ID_3K7UJJ,Western Bahr El Ghazal,Jur River,283228.0,2022,4,Crisis,30.0,614643.0,625499.0,1
ID_31W0GQ,Western Bahr El Ghazal,Jur River,283766.0,2022,10,Crisis,39.9,614643.0,625499.0,1
ID_34PGGC,Western Bahr El Ghazal,Jur River,283766.0,2022,12,Crisis,45.1,614643.0,625499.0,1
ID_BI6QSR,Western Bahr El Ghazal,Jur River,283766.0,2023,4,Crisis,34.9,17034.0,-3298.0,1
ID_ER6LUU,Western Bahr El Ghazal,Jur River,245725.0,2023,9,Crisis,50.0,17034.0,-3298.0,1
ID_6IF31D,Western Bahr El Ghazal,Jur River,245725.0,2023,12,Crisis,44.8,17034.0,-3298.0,1
ID_2O25TG,Western Bahr El Ghazal,Jur River,245725.0,2024,4,Crisis,35.0,29910.0,2069.0,1
ID_5JTV75,Western Bahr El Ghazal,Jur River,292279.0,2024,9,Crisis,50.1,29910.0,2069.0,1
ID_SSUMH0,Western Bahr El Ghazal,Jur River,169721.0,2024,12,Crisis,25.0,29910.0,2069.0,0
ID_ZNSGWO,Western Bahr El Ghazal,Jur River,172343.0,2025,4,Stressed,14.7,40460.0,7344.0,1
ID_C4191H,Western Bahr El Ghazal,Raga,85983.0,2014,10,Stressed,15.1,8780.631578947368,-1332.7105263157894,0
ID_KK7X34,Western Bahr El Ghazal,Raga,87554.0,2015,1,Minimal,0.0,8780.631578947368,-1332.7105263157894,0
ID_UDC4FH,Western Bahr El Ghazal,Raga,87554.0,2015,4,Minimal,0.0,8780.631578947368,-1332.7105263157894,1
ID_065AFU,Western Bahr El Ghazal,Raga,87554.0,2015,5,Crisis,40.0,8780.631578947368,-1332.7105263157894,1
ID_20VMAK,Western Bahr El Ghazal,Raga,87554.0,2015,8,Crisis,40.0,8780.631578947368,-1332.7105263157894,1
ID_RX0GWH,Western Bahr El Ghazal,Raga,87554.0,2015,10,Crisis,20.6,8780.631578947368,-1332.7105263157894,0
ID_AOQHVD,Western Bahr El Ghazal,Raga,89125.0,2016,1,Stressed,4.6,10932.0,2252.0,0
ID_8FBFFH,Western Bahr El Ghazal,Raga,89125.0,2016,4,Stressed,10.1,10932.0,2252.0,0
ID_EYZQQX,Western Bahr El Ghazal,Raga,89125.0,2016,5,Stressed,4.5,10932.0,2252.0,0
ID_BV0DEO,Western Bahr El Ghazal,Raga,89125.0,2016,8,Stressed,5.6,10932.0,2252.0,1
ID_EGEZQ0,Western Bahr El Ghazal,Raga,89125.0,2016,10,Emergency,40.4,10932.0,2252.0,1
ID_X717HW,Western Bahr El Ghazal,Raga,90697.0,2017,1,Crisis,30.3,6010.0,-5442.0,1
ID_0BUPMT,Western Bahr El Ghazal,Raga,90697.0,2017,2,Crisis,20.9,6010.0,-5442.0,1
ID_XQ531D,Western Bahr El Ghazal,Raga,90697.0,2017,5,Crisis,25.4,6010.0,-5442.0,1
ID_1KDK2Y,Western Bahr El Ghazal,Raga,90697.0,2017,6,Crisis,55.1,6010.0,-5442.0,1
ID_WFMAX9,Western Bahr El Ghazal,Raga,95321.0,2017,9,Emergency,70.6,6010.0,-5442.0,1
ID_FKE4VZ,Western Bahr El Ghazal,Raga,95321.0,2017,10,Emergency,65.0,6010.0,-5442.0,1
ID_N8Z4C0,Western Bahr El Ghazal,Raga,98181.0,2018,1,Emergency,69.2,3864.0,-5954.0,1
ID_X2HYVE,Western Bahr El Ghazal,Raga,98181.0,2018,2,Crisis,70.3,3864.0,-5954.0,1
ID_ZRAD8E,Western Bahr El Ghazal,Raga,98181.0,2018,5,Emergency,75.4,3864.0,-5954.0,1
ID_JPMLNL,Western Bahr El Ghazal,Raga,98181.0,2018,9,Emergency,85.6,3864.0,-5954.0,1
ID_7HA752,Western Bahr El Ghazal,Raga,98181.0,2018,10,Emergency,80.5,3864.0,-5954.0,1
ID_A97PNF,Western Bahr El Ghazal,Raga,101882.0,2019,1,Emergency,80.5,18766.0,6776.0,1
ID_IRCVCZ,Western Bahr El Ghazal,Raga,58178.0,2019,8,Crisis,55.0,18766.0,6776.0,1
ID_8P5AIE,Western Bahr El Ghazal,Raga,58178.0,2019,9,Crisis,70.5,18766.0,6776.0,1
ID_KX6MJ5,Western Bahr El Ghazal,Raga,58178.0,2020,1,Crisis,55.0,5369.0,-5125.0,1
ID_3YXHZK,Western Bahr El Ghazal,Raga,59293.0,2020,1,Crisis,49.8,5369.0,-5125.0,1
ID_IEW6OR,Western Bahr El Ghazal,Raga,58178.0,2020,2,Crisis,38.8,5369.0,-5125.0,1
ID_6XN6LC,Western Bahr El Ghazal,Raga,58178.0,2020,5,Crisis,60.2,5369.0,-5125.0,1
ID_PY9NPG,Western Bahr El Ghazal,Raga,59525.0,2022,2,Crisis,65.3,7542.0,-3591.0,1
ID_IRD4JP,Western Bahr El Ghazal,Raga,59525.0,2022,4,Crisis,25.2,7542.0,-3591.0,1
ID_DT12SB,Western Bahr El Ghazal,Raga,59638.0,2022,10,Crisis,35.3,7542.0,-3591.0,1
ID_A62TDO,Western Bahr El Ghazal,Raga,59638.0,2022,12,Crisis,45.3,7542.0,-3591.0,1
ID_1DFSTS,Western Bahr El Ghazal,Raga,59638.0,2023,4,Crisis,45.3,10155.0,-1312.0,1
ID_3YQFBZ,Western Bahr El Ghazal,Raga,108343.0,2023,9,Crisis,50.3,10155.0,-1312.0,1
ID_9ZQHBQ,Western Bahr El Ghazal,Raga,108343.0,2023,12,Crisis,45.2,10155.0,-1312.0,1
ID_IQICB5,Western Bahr El Ghazal,Raga,108343.0,2024,4,Crisis,35.1,13665.0,2506.0,1
ID_NTJK2G,Western Bahr El Ghazal,Raga,61427.0,2024,9,Crisis,54.5,13665.0,2506.0,1
ID_ZAUGTT,Western Bahr El Ghazal,Raga,72181.0,2024,12,Crisis,55.4,13665.0,2506.0,1
ID_MPPJBE,Western Bahr El Ghazal,Raga,73296.0,2025,4,Crisis,44.3,8756.0,2429.0,1
ID_AHY5HO,Western Bahr El Ghazal,Wau,232909.0,2014,10,Stressed,8.6,27732.315789473683,-7080.394736842105,0
ID_37PJPO,Western Bahr El Ghazal,Wau,237164.0,2015,1,Minimal,3.0,27732.315789473683,-7080.394736842105,0
ID_3CVS3Z,Western Bahr El Ghazal,Wau,237164.0,2015,4,Minimal,3.0,27732.315789473683,-7080.394736842105,0
ID_RB9OPL,Western Bahr El Ghazal,Wau,237164.0,2015,5,Stressed,8.9,27732.315789473683,-7080.394736842105,0
ID_LV12BV,Western Bahr El Ghazal,Wau,237164.0,2015,8,Stressed,20.2,27732.315789473683,-7080.394736842105,1
ID_XEJAXV,Western Bahr El Ghazal,Wau,237164.0,2015,10,Crisis,19.8,27732.315789473683,-7080.394736842105,0
ID_T7CZ14,Western Bahr El Ghazal,Wau,241419.0,2016,1,Stressed,5.1,27885.0,-1808.0,0
ID_WJAI9C,Western Bahr El Ghazal,Wau,241419.0,2016,4,Stressed,9.9,27885.0,-1808.0,1
ID_2BVS3K,Western Bahr El Ghazal,Wau,241419.0,2016,5,Emergency,64.6,27885.0,-1808.0,1
ID_337OV9,Western Bahr El Ghazal,Wau,241419.0,2016,8,Emergency,81.6,27885.0,-1808.0,1
ID_WXHVY3,Western Bahr El Ghazal,Wau,241419.0,2016,10,Crisis,31.5,27885.0,-1808.0,0
ID_NUKOND,Western Bahr El Ghazal,Wau,245674.0,2017,1,Stressed,17.4,20916.0,-8780.0,1
ID_HKBRJI,Western Bahr El Ghazal,Wau,245674.0,2017,2,Crisis,33.0,20916.0,-8780.0,1
ID_GLG08Y,Western Bahr El Ghazal,Wau,245674.0,2017,5,Crisis,51.3,20916.0,-8780.0,1
ID_VU69QA,Western Bahr El Ghazal,Wau,245674.0,2017,6,Crisis,35.0,20916.0,-8780.0,1
ID_Z6FP9X,Western Bahr El Ghazal,Wau,277297.0,2017,9,Crisis,55.4,20916.0,-8780.0,1
ID_AQS3TG,Western Bahr El Ghazal,Wau,277297.0,2017,10,Emergency,80.1,20916.0,-8780.0,1
ID_DBFXA2,Western Bahr El Ghazal,Wau,285616.0,2018,1,Emergency,75.0,15647.0,-18626.0,1
ID_WD7772,Western Bahr El Ghazal,Wau,285616.0,2018,2,Crisis,55.0,15647.0,-18626.0,1
ID_IY1UV5,Western Bahr El Ghazal,Wau,285616.0,2018,5,Crisis,65.1,15647.0,-18626.0,1
ID_2QFE98,Western Bahr El Ghazal,Wau,285616.0,2018,9,Emergency,71.1,15647.0,-18626.0,1
ID_0TW87S,Western Bahr El Ghazal,Wau,285616.0,2018,10,Emergency,71.1,15647.0,-18626.0,1
ID_34876K,Western Bahr El Ghazal,Wau,296384.0,2019,1,Crisis,62.0,28812.0,-10636.0,1
ID_E1Q5MS,Western Bahr El Ghazal,Wau,314949.0,2019,8,Crisis,57.0,28812.0,-10636.0,1
ID_7UPSPA,Western Bahr El Ghazal,Wau,314949.0,2019,9,Crisis,64.8,28812.0,-10636.0,1
ID_G3JBRR,Western Bahr El Ghazal,Wau,314949.0,2020,1,Crisis,54.9,22935.0,-13697.0,1
ID_D44NDV,Western Bahr El Ghazal,Wau,318054.0,2020,1,Crisis,50.2,22935.0,-13697.0,1
ID_DXDF6Y,Western Bahr El Ghazal,Wau,314949.0,2020,2,Crisis,50.0,22935.0,-13697.0,1
ID_V2VP6F,Western Bahr El Ghazal,Wau,314949.0,2020,5,Crisis,54.9,22935.0,-13697.0,1
ID_0O7Y4X,Western Bahr El Ghazal,Wau,320144.0,2022,2,Crisis,64.8,34372.0,-4491.0,1
ID_BBMZJ2,Western Bahr El Ghazal,Wau,320144.0,2022,4,Crisis,30.0,34372.0,-4491.0,1
ID_2PMB6X,Western Bahr El Ghazal,Wau,320752.0,2022,10,Crisis,40.0,34372.0,-4491.0,1
ID_GK6YUL,Western Bahr El Ghazal,Wau,320752.0,2022,12,Crisis,34.9,34372.0,-4491.0,1
ID_ND7U4X,Western Bahr El Ghazal,Wau,320752.0,2023,4,Crisis,29.9,37492.0,-2537.0,1
ID_XGX57Z,Western Bahr El Ghazal,Wau,208486.0,2023,9,Crisis,44.9,37492.0,-2537.0,1
ID_KVNIJW,Western Bahr El Ghazal,Wau,208486.0,2023,12,Crisis,54.7,37492.0,-2537.0,1
ID_AQLCAU,Western Bahr El Ghazal,Wau,208486.0,2024,4,Crisis,30.2,22458.0,-3310.0,1
ID_DF9M13,Western Bahr El Ghazal,Wau,330375.0,2024,9,Crisis,45.1,22458.0,-3310.0,1
ID_OTESU2,Western Bahr El Ghazal,Wau,201001.0,2024,12,Crisis,45.1,22458.0,-3310.0,1
ID_HTTSW5,Western Bahr El Ghazal,Wau,204106.0,2025,4,Crisis,34.8,40440.0,-394.0,1
ID_EJR91Q,Western Equatoria,Ezo,102463.0,2014,10,Minimal,0.0,19471.92105263158,3369.684210526316,0
ID_UPWCKH,Western Equatoria,Ezo,104180.0,2015,1,Minimal,0.0,19471.92105263158,3369.684210526316,0
ID_3V10M1,Western Equatoria,Ezo,104180.0,2015,4,Minimal,0.0,19471.92105263158,3369.684210526316,0
ID_V395ZD,Western Equatoria,Ezo,104180.0,2015,5,Minimal,0.0,19471.92105263158,3369.684210526316,0
ID_HZ6M9B,Western Equatoria,Ezo,104180.0,2015,8,Minimal,0.0,19471.92105263158,3369.684210526316,0
ID_JUDL3A,Western Equatoria,Ezo,104180.0,2015,10,Stressed,0.0,19471.92105263158,3369.684210526316,0
ID_F6KKFE,Western Equatoria,Ezo,105897.0,2016,1,Stressed,0.0,12970.0,-2397.0,0
ID_DLBGKB,Western Equatoria,Ezo,105897.0,2016,4,Minimal,0.0,12970.0,-2397.0,1
ID_UOC1R6,Western Equatoria,Ezo,105897.0,2016,5,Crisis,24.6,12970.0,-2397.0,1
ID_01EJT1,Western Equatoria,Ezo,105897.0,2016,8,Crisis,24.6,12970.0,-2397.0,1
ID_WT805Q,Western Equatoria,Ezo,105897.0,2016,10,Crisis,19.8,12970.0,-2397.0,0
ID_TDCJS9,Western Equatoria,Ezo,93503.0,2017,1,Stressed,10.4,8230.0,-8022.0,0
ID_24W7W8,Western Equatoria,Ezo,93503.0,2017,2,Stressed,15.0,8230.0,-8022.0,1
ID_TWT2I9,Western Equatoria,Ezo,107614.0,2017,5,Crisis,44.9,8230.0,-8022.0,1
ID_OWP7NL,Western Equatoria,Ezo,107614.0,2017,6,Crisis,20.4,8230.0,-8022.0,0
ID_6DMJLX,Western Equatoria,Ezo,102351.0,2017,9,Stressed,14.9,8230.0,-8022.0,1
ID_DW0YCY,Western Equatoria,Ezo,102351.0,2017,10,Crisis,19.5,8230.0,-8022.0,1
ID_RNZNZM,Western Equatoria,Ezo,105421.0,2018,1,Crisis,24.4,11058.0,-4228.0,0
ID_CCYC3T,Western Equatoria,Ezo,105421.0,2018,2,Stressed,10.4,11058.0,-4228.0,1
ID_13HLOZ,Western Equatoria,Ezo,105421.0,2018,5,Crisis,24.7,11058.0,-4228.0,1
ID_ESJNCR,Western Equatoria,Ezo,105421.0,2018,9,Crisis,35.1,11058.0,-4228.0,1
ID_BVXKET,Western Equatoria,Ezo,105421.0,2018,10,Crisis,55.0,11058.0,-4228.0,0
ID_UGKNN5,Western Equatoria,Ezo,109396.0,2019,1,Stressed,15.2,11390.0,-4355.0,0
ID_20UPRB,Western Equatoria,Ezo,119490.0,2019,8,Stressed,4.6,11390.0,-4355.0,1
ID_2JA2LP,Western Equatoria,Ezo,119490.0,2019,9,Crisis,30.1,11390.0,-4355.0,0
ID_N1M6U2,Western Equatoria,Ezo,119490.0,2020,1,Stressed,10.0,17335.0,997.0,0
ID_LLH22B,Western Equatoria,Ezo,121149.0,2020,1,Stressed,15.1,17335.0,997.0,0
ID_E4N252,Western Equatoria,Ezo,119490.0,2020,2,Stressed,0.0,17335.0,997.0,1
ID_4GPZBO,Western Equatoria,Ezo,119490.0,2020,5,Crisis,20.1,17335.0,997.0,0
ID_MVIBZY,Western Equatoria,Ezo,132745.0,2022,2,Stressed,5.0,27712.0,10379.0,1
ID_FGGK82,Western Equatoria,Ezo,132745.0,2022,4,Crisis,30.1,27712.0,10379.0,1
ID_P5YRO1,Western Equatoria,Ezo,132997.0,2022,10,Crisis,35.4,27712.0,10379.0,1
ID_WODGZD,Western Equatoria,Ezo,132997.0,2022,12,Crisis,30.1,27712.0,10379.0,0
ID_N9S8TS,Western Equatoria,Ezo,132997.0,2023,4,Stressed,15.0,30739.0,12886.0,1
ID_NC19AR,Western Equatoria,Ezo,49341.0,2023,9,Crisis,40.6,30739.0,12886.0,0
ID_SOZ9E5,Western Equatoria,Ezo,49341.0,2023,12,Stressed,4.1,30739.0,12886.0,0
ID_GV7P2A,Western Equatoria,Ezo,49341.0,2024,4,Stressed,4.1,12794.0,5425.0,0
ID_2Q9OJF,Western Equatoria,Ezo,136987.0,2024,9,Stressed,10.1,12794.0,5425.0,0
ID_3C07BT,Western Equatoria,Ezo,107409.0,2024,12,Stressed,15.3,12794.0,5425.0,0
ID_I1RIMV,Western Equatoria,Ezo,109069.0,2025,4,Stressed,14.9,43168.0,22709.0,0
ID_N1BT9W,Western Equatoria,Ibba,47808.0,2014,10,Minimal,0.0,15340.342105263158,8577.394736842105,0
ID_NJSLEU,Western Equatoria,Ibba,48681.0,2015,1,Minimal,0.0,15340.342105263158,8577.394736842105,0
ID_1S5N18,Western Equatoria,Ibba,48681.0,2015,4,Minimal,0.0,15340.342105263158,8577.394736842105,0
ID_BYPKNX,Western Equatoria,Ibba,48681.0,2015,5,Minimal,0.0,15340.342105263158,8577.394736842105,0
ID_MFH5E8,Western Equatoria,Ibba,48681.0,2015,8,Minimal,0.0,15340.342105263158,8577.394736842105,0
ID_FZQ1W0,Western Equatoria,Ibba,48681.0,2015,10,Stressed,4.1,15340.342105263158,8577.394736842105,0
ID_9YW3DP,Western Equatoria,Ibba,49555.0,2016,1,Minimal,0.0,15279.0,8320.0,0
ID_11IKX0,Western Equatoria,Ibba,49555.0,2016,4,Minimal,0.0,15279.0,8320.0,0
ID_RB5TNG,Western Equatoria,Ibba,49555.0,2016,5,Stressed,10.1,15279.0,8320.0,0
ID_CRZXC4,Western Equatoria,Ibba,49555.0,2016,8,Stressed,10.1,15279.0,8320.0,0
ID_VNIBLW,Western Equatoria,Ibba,49555.0,2016,10,Stressed,0.0,15279.0,8320.0,0
ID_BV2IZS,Western Equatoria,Ibba,43816.0,2017,1,Minimal,0.0,13542.0,6141.0,0
ID_FWI45A,Western Equatoria,Ibba,43816.0,2017,2,Minimal,0.0,13542.0,6141.0,0
ID_4520SZ,Western Equatoria,Ibba,50428.0,2017,5,Minimal,0.0,13542.0,6141.0,0
ID_ORK64M,Western Equatoria,Ibba,50428.0,2017,6,Stressed,5.9,13542.0,6141.0,0
ID_GJ78JP,Western Equatoria,Ibba,29782.0,2017,9,Stressed,0.0,13542.0,6141.0,0
ID_3HTNCV,Western Equatoria,Ibba,29782.0,2017,10,Stressed,13.4,13542.0,6141.0,0
ID_HZTAY1,Western Equatoria,Ibba,39430.0,2018,1,Stressed,6.7,8138.0,3690.0,0
ID_2YIVFQ,Western Equatoria,Ibba,39430.0,2018,2,Stressed,5.1,8138.0,3690.0,0
ID_SX502U,Western Equatoria,Ibba,39430.0,2018,5,Stressed,10.1,8138.0,3690.0,0
ID_PVSF5Y,Western Equatoria,Ibba,39430.0,2018,9,Stressed,5.1,8138.0,3690.0,1
ID_C9LUER,Western Equatoria,Ibba,39430.0,2018,10,Crisis,76.1,8138.0,3690.0,1
ID_JQENBD,Western Equatoria,Ibba,40916.0,2019,1,Crisis,45.7,10443.0,4554.0,0
ID_0V0NJJ,Western Equatoria,Ibba,62878.0,2019,8,Stressed,14.7,10443.0,4554.0,1
ID_63XVFI,Western Equatoria,Ibba,62878.0,2019,9,Crisis,35.0,10443.0,4554.0,0
ID_UD99XR,Western Equatoria,Ibba,62878.0,2020,1,Stressed,14.3,12041.0,5930.0,0
ID_O37U9S,Western Equatoria,Ibba,63737.0,2020,1,Stressed,14.3,12041.0,5930.0,0
ID_SBU7GE,Western Equatoria,Ibba,62878.0,2020,2,Stressed,9.4,12041.0,5930.0,0
ID_3AI6AY,Western Equatoria,Ibba,62878.0,2020,5,Stressed,14.3,12041.0,5930.0,0
ID_NPE6SW,Western Equatoria,Ibba,66421.0,2022,2,Stressed,9.5,16164.0,9681.0,1
ID_YU2RNA,Western Equatoria,Ibba,66421.0,2022,4,Crisis,19.6,16164.0,9681.0,0
ID_DKN2K7,Western Equatoria,Ibba,66547.0,2022,10,Stressed,15.1,16164.0,9681.0,1
ID_IT7XXD,Western Equatoria,Ibba,66547.0,2022,12,Crisis,30.1,16164.0,9681.0,0
ID_SBRP14,Western Equatoria,Ibba,66547.0,2023,4,Stressed,10.5,17758.0,11081.0,1
ID_XHL5V3,Western Equatoria,Ibba,34992.0,2023,9,Crisis,34.6,17758.0,11081.0,0
ID_2BH1A4,Western Equatoria,Ibba,34992.0,2023,12,Stressed,14.3,17758.0,11081.0,0
ID_OGN378,Western Equatoria,Ibba,34992.0,2024,4,Stressed,14.3,14507.0,9281.0,1
ID_VPCAYP,Western Equatoria,Ibba,68544.0,2024,9,Crisis,20.0,14507.0,9281.0,0
ID_9YPDAX,Western Equatoria,Ibba,55615.0,2024,12,Stressed,14.6,14507.0,9281.0,0
ID_6KDD49,Western Equatoria,Ibba,56475.0,2025,4,Stressed,14.4,28246.0,18009.0,1
ID_IK3TDW,Western Equatoria,Maridi,100252.0,2014,10,Minimal,0.0,17340.86842105263,3714.0263157894738,0
ID_7V1QSA,Western Equatoria,Maridi,102084.0,2015,1,Minimal,0.0,17340.86842105263,3714.0263157894738,0
ID_11PTKF,Western Equatoria,Maridi,102084.0,2015,4,Minimal,0.0,17340.86842105263,3714.0263157894738,0
ID_TUWFV2,Western Equatoria,Maridi,102084.0,2015,5,Minimal,4.9,17340.86842105263,3714.0263157894738,0
ID_TTUSWE,Western Equatoria,Maridi,102084.0,2015,8,Minimal,0.0,17340.86842105263,3714.0263157894738,0
ID_TYX2CB,Western Equatoria,Maridi,102084.0,2015,10,Stressed,9.8,17340.86842105263,3714.0263157894738,0
ID_2PN4U6,Western Equatoria,Maridi,103915.0,2016,1,Minimal,0.0,16132.0,1196.0,0
ID_AVE7E5,Western Equatoria,Maridi,103915.0,2016,4,Minimal,0.0,16132.0,1196.0,0
ID_1M4WU3,Western Equatoria,Maridi,103915.0,2016,5,Stressed,14.4,16132.0,1196.0,0
ID_GA9TA7,Western Equatoria,Maridi,103915.0,2016,8,Stressed,14.4,16132.0,1196.0,0
ID_6NFCQM,Western Equatoria,Maridi,103915.0,2016,10,Minimal,4.8,16132.0,1196.0,0
ID_L8QQZY,Western Equatoria,Maridi,91881.0,2017,1,Minimal,0.0,15379.0,123.0,0
ID_EKV2DY,Western Equatoria,Maridi,91881.0,2017,2,Minimal,5.4,15379.0,123.0,0
ID_4TKVV7,Western Equatoria,Maridi,105747.0,2017,5,Minimal,6.5,15379.0,123.0,0
ID_PGF7MV,Western Equatoria,Maridi,105747.0,2017,6,Stressed,4.7,15379.0,123.0,0
ID_Q356J0,Western Equatoria,Maridi,74338.0,2017,9,Minimal,0.0,15379.0,123.0,1
ID_JE3MKR,Western Equatoria,Maridi,74338.0,2017,10,Crisis,25.6,15379.0,123.0,0
ID_4L2E4F,Western Equatoria,Maridi,76567.0,2018,1,Stressed,9.4,11991.0,889.0,0
ID_4N3ZA0,Western Equatoria,Maridi,76567.0,2018,2,Stressed,10.4,11991.0,889.0,0
ID_CO76O8,Western Equatoria,Maridi,76567.0,2018,5,Stressed,10.4,11991.0,889.0,0
ID_QHE4QG,Western Equatoria,Maridi,76568.0,2018,9,Stressed,14.4,11991.0,889.0,1
ID_FULZ2A,Western Equatoria,Maridi,76568.0,2018,10,Crisis,24.8,11991.0,889.0,0
ID_DS83GY,Western Equatoria,Maridi,79454.0,2019,1,Stressed,10.4,12826.0,1391.0,0
ID_ZIEPO7,Western Equatoria,Maridi,92205.0,2019,8,Minimal,0.0,12826.0,1391.0,0
ID_72NRCM,Western Equatoria,Maridi,92205.0,2019,9,Stressed,9.8,12826.0,1391.0,0
ID_UZ8DU9,Western Equatoria,Maridi,92205.0,2020,1,Stressed,5.4,15357.0,3490.0,0
ID_V45D3D,Western Equatoria,Maridi,93897.0,2020,1,Stressed,0.0,15357.0,3490.0,0
ID_GC50I3,Western Equatoria,Maridi,92205.0,2020,2,Stressed,0.0,15357.0,3490.0,0
ID_2BUHBC,Western Equatoria,Maridi,92205.0,2020,5,Stressed,5.4,15357.0,3490.0,0
ID_PLA8JZ,Western Equatoria,Maridi,110304.0,2022,2,Stressed,0.0,16821.0,4232.0,0
ID_9DS2UL,Western Equatoria,Maridi,110304.0,2022,4,Stressed,15.4,16821.0,4232.0,0
ID_K3FUQV,Western Equatoria,Maridi,110513.0,2022,10,Stressed,10.0,16821.0,4232.0,0
ID_U5OEJ8,Western Equatoria,Maridi,110513.0,2022,12,Stressed,20.8,16821.0,4232.0,0
ID_1O082S,Western Equatoria,Maridi,110513.0,2023,4,Stressed,10.0,18505.0,5538.0,1
ID_FR23C6,Western Equatoria,Maridi,87140.0,2023,9,Crisis,25.3,18505.0,5538.0,0
ID_0CJBMU,Western Equatoria,Maridi,87140.0,2023,12,Stressed,14.9,18505.0,5538.0,0
ID_VHGQK8,Western Equatoria,Maridi,87140.0,2024,4,Stressed,10.3,21210.0,8196.0,1
ID_20PS5I,Western Equatoria,Maridi,113829.0,2024,9,Crisis,25.2,21210.0,8196.0,0
ID_5FTOJT,Western Equatoria,Maridi,109535.0,2024,12,Stressed,14.9,21210.0,8196.0,0
ID_BPGT99,Western Equatoria,Maridi,111227.0,2025,4,Stressed,4.6,27119.0,10119.0,0
ID_67ST8L,Western Equatoria,Mundri East,58872.0,2014,10,Stressed,5.1,4662.763157894737,-5638.736842105263,0
ID_I72W4O,Western Equatoria,Mundri East,59947.0,2015,1,Minimal,0.0,4662.763157894737,-5638.736842105263,0
ID_EBMQPJ,Western Equatoria,Mundri East,59947.0,2015,4,Stressed,5.0,4662.763157894737,-5638.736842105263,0
ID_BMWMNO,Western Equatoria,Mundri East,59947.0,2015,5,Stressed,10.0,4662.763157894737,-5638.736842105263,0
ID_HG3VTL,Western Equatoria,Mundri East,59947.0,2015,8,Stressed,5.0,4662.763157894737,-5638.736842105263,1
ID_1DRZ0X,Western Equatoria,Mundri East,59947.0,2015,10,Crisis,20.0,4662.763157894737,-5638.736842105263,0
ID_V6DDD2,Western Equatoria,Mundri East,61023.0,2016,1,Stressed,0.0,2524.0,-5819.0,0
ID_7D9ALK,Western Equatoria,Mundri East,61023.0,2016,4,Stressed,0.0,2524.0,-5819.0,1
ID_7YBZGA,Western Equatoria,Mundri East,61023.0,2016,5,Crisis,39.3,2524.0,-5819.0,1
ID_ZNI37Z,Western Equatoria,Mundri East,61023.0,2016,8,Crisis,39.3,2524.0,-5819.0,1
ID_CGACEP,Western Equatoria,Mundri East,61023.0,2016,10,Crisis,19.7,2524.0,-5819.0,0
ID_L2U5CF,Western Equatoria,Mundri East,53955.0,2017,1,Stressed,4.9,2481.0,-6632.0,0
ID_P37CDH,Western Equatoria,Mundri East,53955.0,2017,2,Stressed,0.0,2481.0,-6632.0,0
ID_ZG58XY,Western Equatoria,Mundri East,62098.0,2017,5,Stressed,16.7,2481.0,-6632.0,1
ID_JWWBK8,Western Equatoria,Mundri East,62098.0,2017,6,Crisis,25.8,2481.0,-6632.0,1
ID_R1Z4QT,Western Equatoria,Mundri East,65704.0,2017,9,Crisis,19.3,2481.0,-6632.0,1
ID_7ZVNBI,Western Equatoria,Mundri East,65704.0,2017,10,Crisis,35.0,2481.0,-6632.0,1
ID_1CAO8W,Western Equatoria,Mundri East,59104.0,2018,1,Crisis,45.7,2938.0,-6875.0,1
ID_81AYUA,Western Equatoria,Mundri East,59104.0,2018,2,Crisis,45.7,2938.0,-6875.0,1
ID_M75PSZ,Western Equatoria,Mundri East,59104.0,2018,5,Emergency,71.1,2938.0,-6875.0,1
ID_1CTW68,Western Equatoria,Mundri East,59104.0,2018,9,Emergency,76.1,2938.0,-6875.0,1
ID_9MW68M,Western Equatoria,Mundri East,59104.0,2018,10,Crisis,60.9,2938.0,-6875.0,1
ID_1INUFN,Western Equatoria,Mundri East,61332.0,2019,1,Crisis,35.5,2703.0,-6124.0,0
ID_CC8UUX,Western Equatoria,Mundri East,95873.0,2019,8,Stressed,14.7,2703.0,-6124.0,1
ID_OP63CT,Western Equatoria,Mundri East,95873.0,2019,9,Crisis,44.9,2703.0,-6124.0,0
ID_ZRBZIR,Western Equatoria,Mundri East,95873.0,2020,1,Stressed,14.6,3983.0,-5177.0,1
ID_JYZ8XU,Western Equatoria,Mundri East,96865.0,2020,1,Crisis,19.8,3983.0,-5177.0,0
ID_KU8NIA,Western Equatoria,Mundri East,95873.0,2020,2,Stressed,10.3,3983.0,-5177.0,1
ID_RN4FLH,Western Equatoria,Mundri East,95873.0,2020,5,Crisis,25.0,3983.0,-5177.0,0
ID_W3CHNJ,Western Equatoria,Mundri East,100085.0,2022,2,Stressed,14.6,5831.0,-3887.0,1
ID_6GDTGC,Western Equatoria,Mundri East,100085.0,2022,4,Crisis,40.0,5831.0,-3887.0,1
ID_G8ZF2L,Western Equatoria,Mundri East,100275.0,2022,10,Emergency,50.0,5831.0,-3887.0,1
ID_4C0BB6,Western Equatoria,Mundri East,100275.0,2022,12,Crisis,44.9,5831.0,-3887.0,1
ID_PYMA1T,Western Equatoria,Mundri East,100275.0,2023,4,Crisis,44.9,5658.0,-4351.0,1
ID_6SIF6D,Western Equatoria,Mundri East,80190.0,2023,9,Crisis,49.9,5658.0,-4351.0,1
ID_OHE7KY,Western Equatoria,Mundri East,80190.0,2023,12,Crisis,29.9,5658.0,-4351.0,1
ID_87Q19U,Western Equatoria,Mundri East,80190.0,2024,4,Crisis,34.9,8476.0,-3500.0,1
ID_9Q44DV,Western Equatoria,Mundri East,103283.0,2024,9,Crisis,49.9,8476.0,-3500.0,1
ID_VPGB8I,Western Equatoria,Mundri East,64182.0,2024,12,Crisis,30.0,8476.0,-3500.0,1
ID_Y525FN,Western Equatoria,Mundri East,65173.0,2025,4,Crisis,20.3,9700.0,-5725.0,1
ID_SCQQAV,Western Equatoria,Mundri West,53559.0,2014,10,Minimal,0.0,3492.842105263158,-4686.210526315789,0
ID_AQDMFZ,Western Equatoria,Mundri West,54538.0,2015,1,Minimal,0.0,3492.842105263158,-4686.210526315789,0
ID_TGP8D2,Western Equatoria,Mundri West,54538.0,2015,4,Minimal,0.0,3492.842105263158,-4686.210526315789,0
ID_0GM62S,Western Equatoria,Mundri West,54538.0,2015,5,Minimal,5.5,3492.842105263158,-4686.210526315789,0
ID_60YUP1,Western Equatoria,Mundri West,54538.0,2015,8,Minimal,0.0,3492.842105263158,-4686.210526315789,0
ID_SHNTCV,Western Equatoria,Mundri West,54538.0,2015,10,Stressed,9.2,3492.842105263158,-4686.210526315789,0
ID_L0YQZD,Western Equatoria,Mundri West,55516.0,2016,1,Stressed,0.0,2556.0,-5070.0,0
ID_UBB9MI,Western Equatoria,Mundri West,55516.0,2016,4,Minimal,0.0,2556.0,-5070.0,1
ID_T3VHTN,Western Equatoria,Mundri West,55516.0,2016,5,Crisis,48.6,2556.0,-5070.0,1
ID_7SU62J,Western Equatoria,Mundri West,55516.0,2016,8,Crisis,48.6,2556.0,-5070.0,1
ID_8LBDSG,Western Equatoria,Mundri West,55516.0,2016,10,Crisis,19.8,2556.0,-5070.0,0
ID_1FBTWT,Western Equatoria,Mundri West,49088.0,2017,1,Stressed,0.0,2779.0,-5512.0,0
ID_W4IXFJ,Western Equatoria,Mundri West,49088.0,2017,2,Stressed,12.2,2779.0,-5512.0,0
ID_JRKHE0,Western Equatoria,Mundri West,56496.0,2017,5,Stressed,18.3,2779.0,-5512.0,0
ID_SDP8MV,Western Equatoria,Mundri West,56496.0,2017,6,Stressed,10.6,2779.0,-5512.0,0
ID_HAEWAB,Western Equatoria,Mundri West,52739.0,2017,9,Stressed,5.3,2779.0,-5512.0,1
ID_HB7ZHE,Western Equatoria,Mundri West,52739.0,2017,10,Crisis,45.5,2779.0,-5512.0,1
ID_ZR4E5I,Western Equatoria,Mundri West,54321.0,2018,1,Crisis,49.3,2880.0,-4997.0,1
ID_ZB1EDM,Western Equatoria,Mundri West,54321.0,2018,2,Crisis,55.2,2880.0,-4997.0,1
ID_BJHY3M,Western Equatoria,Mundri West,54321.0,2018,5,Emergency,64.4,2880.0,-4997.0,1
ID_2I3QM6,Western Equatoria,Mundri West,54321.0,2018,9,Emergency,70.0,2880.0,-4997.0,1
ID_DTECAF,Western Equatoria,Mundri West,54321.0,2018,10,Crisis,70.0,2880.0,-4997.0,1
ID_VO5Y0Q,Western Equatoria,Mundri West,56369.0,2019,1,Crisis,35.0,3059.0,-5054.0,0
ID_NV4F0T,Western Equatoria,Mundri West,46760.0,2019,8,Stressed,14.2,3059.0,-5054.0,1
ID_E2J403,Western Equatoria,Mundri West,46760.0,2019,9,Crisis,44.9,3059.0,-5054.0,0
ID_CNFU2H,Western Equatoria,Mundri West,46760.0,2020,1,Stressed,15.0,3527.0,-4892.0,0
ID_ERSNUN,Western Equatoria,Mundri West,47457.0,2020,1,Stressed,15.0,3527.0,-4892.0,0
ID_446Q16,Western Equatoria,Mundri West,46760.0,2020,2,Stressed,14.8,3527.0,-4892.0,0
ID_NZ7DSO,Western Equatoria,Mundri West,46760.0,2020,5,Stressed,19.2,3527.0,-4892.0,0
ID_NKK1JX,Western Equatoria,Mundri West,49669.0,2022,2,Stressed,10.7,4366.0,-4565.0,1
ID_PP9YVG,Western Equatoria,Mundri West,49669.0,2022,4,Crisis,44.3,4366.0,-4565.0,1
ID_IPAXNQ,Western Equatoria,Mundri West,49763.0,2022,10,Crisis,50.3,4366.0,-4565.0,1
ID_EGE5EK,Western Equatoria,Mundri West,49763.0,2022,12,Crisis,24.1,4366.0,-4565.0,1
ID_FHOE3M,Western Equatoria,Mundri West,49763.0,2023,4,Crisis,34.2,5550.0,-3649.0,1
ID_XZJFY4,Western Equatoria,Mundri West,52386.0,2023,9,Crisis,44.2,5550.0,-3649.0,1
ID_W8TR98,Western Equatoria,Mundri West,52386.0,2023,12,Crisis,30.5,5550.0,-3649.0,1
ID_W07FIL,Western Equatoria,Mundri West,52386.0,2024,4,Crisis,34.4,4098.0,-3726.0,1
ID_3DVYJH,Western Equatoria,Mundri West,51256.0,2024,9,Crisis,34.4,4098.0,-3726.0,1
ID_MIE898,Western Equatoria,Mundri West,45130.0,2024,12,Crisis,25.4,4098.0,-3726.0,0
ID_9GNCTI,Western Equatoria,Mundri West,45827.0,2025,4,Stressed,15.5,3791.0,-3864.0,1
ID_JH33IC,Western Equatoria,Mvolo,59484.0,2014,10,Stressed,0.0,4657.289473684211,-6883.8421052631575,0
ID_44TONZ,Western Equatoria,Mvolo,60571.0,2015,1,Minimal,0.0,4657.289473684211,-6883.8421052631575,0
ID_NQ06UJ,Western Equatoria,Mvolo,60571.0,2015,4,Stressed,5.0,4657.289473684211,-6883.8421052631575,0
ID_LQV62J,Western Equatoria,Mvolo,60571.0,2015,5,Stressed,9.9,4657.289473684211,-6883.8421052631575,0
ID_16W8MI,Western Equatoria,Mvolo,60571.0,2015,8,Stressed,5.0,4657.289473684211,-6883.8421052631575,1
ID_NQ4O7V,Western Equatoria,Mvolo,60571.0,2015,10,Crisis,19.8,4657.289473684211,-6883.8421052631575,0
ID_S8CHKC,Western Equatoria,Mvolo,61658.0,2016,1,Stressed,0.0,3153.0,-5417.0,0
ID_MNT6U7,Western Equatoria,Mvolo,61658.0,2016,4,Stressed,0.0,3153.0,-5417.0,1
ID_77LDM1,Western Equatoria,Mvolo,61658.0,2016,5,Crisis,24.3,3153.0,-5417.0,1
ID_VL7UO4,Western Equatoria,Mvolo,61658.0,2016,8,Crisis,24.3,3153.0,-5417.0,0
ID_G4IQ9E,Western Equatoria,Mvolo,61658.0,2016,10,Stressed,9.7,3153.0,-5417.0,0
ID_NZ9JN7,Western Equatoria,Mvolo,54517.0,2017,1,Minimal,0.0,3388.0,-5821.0,0
ID_K98XVI,Western Equatoria,Mvolo,54517.0,2017,2,Minimal,0.0,3388.0,-5821.0,0
ID_673KLL,Western Equatoria,Mvolo,62744.0,2017,5,Stressed,0.0,3388.0,-5821.0,0
ID_ZCUH1I,Western Equatoria,Mvolo,62744.0,2017,6,Stressed,14.3,3388.0,-5821.0,1
ID_8YATYE,Western Equatoria,Mvolo,82867.0,2017,9,Crisis,20.7,3388.0,-5821.0,1
ID_737FEN,Western Equatoria,Mvolo,82867.0,2017,10,Emergency,70.0,3388.0,-5821.0,1
ID_TD7KFN,Western Equatoria,Mvolo,85353.0,2018,1,Crisis,54.3,2891.0,-9485.0,1
ID_8K6P62,Western Equatoria,Mvolo,85353.0,2018,2,Crisis,39.8,2891.0,-9485.0,1
ID_J4XYBR,Western Equatoria,Mvolo,85353.0,2018,5,Emergency,75.0,2891.0,-9485.0,1
ID_XFX3AT,Western Equatoria,Mvolo,85353.0,2018,9,Emergency,80.8,2891.0,-9485.0,1
ID_253IQQ,Western Equatoria,Mvolo,85353.0,2018,10,Emergency,70.3,2891.0,-9485.0,1
ID_UOLGQE,Western Equatoria,Mvolo,88571.0,2019,1,Crisis,50.4,2605.0,-10142.0,1
ID_6XB1Z3,Western Equatoria,Mvolo,71586.0,2019,8,Crisis,54.2,2605.0,-10142.0,1
ID_37C7NX,Western Equatoria,Mvolo,71586.0,2019,9,Crisis,29.3,2605.0,-10142.0,0
ID_XBAF4G,Western Equatoria,Mvolo,71586.0,2020,1,Stressed,15.4,5214.0,-8014.0,0
ID_ELLX8E,Western Equatoria,Mvolo,72574.0,2020,1,Stressed,15.4,5214.0,-8014.0,0
ID_AK8YE7,Western Equatoria,Mvolo,71586.0,2020,2,Stressed,9.6,5214.0,-8014.0,0
ID_1TWD96,Western Equatoria,Mvolo,71586.0,2020,5,Stressed,15.4,5214.0,-8014.0,1
ID_HHWMF1,Western Equatoria,Mvolo,75207.0,2022,2,Crisis,19.6,5790.0,-8244.0,1
ID_GZVG04,Western Equatoria,Mvolo,75207.0,2022,4,Crisis,30.6,5790.0,-8244.0,1
ID_2MZ8M6,Western Equatoria,Mvolo,75350.0,2022,10,Emergency,54.5,5790.0,-8244.0,1
ID_XHIGX1,Western Equatoria,Mvolo,75350.0,2022,12,Crisis,49.1,5790.0,-8244.0,1
ID_PZGSVA,Western Equatoria,Mvolo,75350.0,2023,4,Crisis,35.8,5982.0,-8473.0,1
ID_NRY632,Western Equatoria,Mvolo,65339.0,2023,9,Crisis,54.4,5982.0,-8473.0,1
ID_IIPS8Q,Western Equatoria,Mvolo,65339.0,2023,12,Crisis,39.8,5982.0,-8473.0,1
ID_DB9BGV,Western Equatoria,Mvolo,65339.0,2024,4,Crisis,55.1,5210.0,-4548.0,1
ID_2ESF4N,Western Equatoria,Mvolo,77611.0,2024,9,Crisis,59.7,5210.0,-4548.0,1
ID_DRFDX8,Western Equatoria,Mvolo,63937.0,2024,12,Crisis,39.9,5210.0,-4548.0,1
ID_9I8YWG,Western Equatoria,Mvolo,64925.0,2025,4,Crisis,29.7,7818.0,-3773.0,1
ID_D4X4PZ,Western Equatoria,Nagero,15505.0,2014,10,Minimal,0.0,2236.6315789473683,-938.3157894736842,0
ID_J42RL1,Western Equatoria,Nagero,15787.0,2015,1,Minimal,0.0,2236.6315789473683,-938.3157894736842,0
ID_EH8HYF,Western Equatoria,Nagero,15787.0,2015,4,Minimal,0.0,2236.6315789473683,-938.3157894736842,0
ID_87SW1K,Western Equatoria,Nagero,15787.0,2015,5,Stressed,0.0,2236.6315789473683,-938.3157894736842,0
ID_9M94UZ,Western Equatoria,Nagero,15787.0,2015,8,Stressed,0.0,2236.6315789473683,-938.3157894736842,1
ID_XY4G8O,Western Equatoria,Nagero,15787.0,2015,10,Crisis,19.0,2236.6315789473683,-938.3157894736842,0
ID_N3W9HX,Western Equatoria,Nagero,16071.0,2016,1,Stressed,0.0,1524.0,-164.0,0
ID_6I62R2,Western Equatoria,Nagero,16071.0,2016,4,Stressed,0.0,1524.0,-164.0,1
ID_CXTJYR,Western Equatoria,Nagero,16071.0,2016,5,Crisis,18.7,1524.0,-164.0,1
ID_DIRL48,Western Equatoria,Nagero,16071.0,2016,8,Crisis,18.7,1524.0,-164.0,1
ID_1XLAXH,Western Equatoria,Nagero,16071.0,2016,10,Crisis,18.7,1524.0,-164.0,0
ID_NOC2XI,Western Equatoria,Nagero,14209.0,2017,1,Stressed,12.4,1684.0,-715.0,0
ID_3RNC02,Western Equatoria,Nagero,14209.0,2017,2,Stressed,0.0,1684.0,-715.0,0
ID_BLU27X,Western Equatoria,Nagero,16354.0,2017,5,Stressed,7.0,1684.0,-715.0,0
ID_NPZCU7,Western Equatoria,Nagero,16354.0,2017,6,Stressed,12.2,1684.0,-715.0,0
ID_MPA7DZ,Western Equatoria,Nagero,10689.0,2017,9,Stressed,12.2,1684.0,-715.0,1
ID_VHLTMG,Western Equatoria,Nagero,10689.0,2017,10,Crisis,18.7,1684.0,-715.0,0
ID_RAEJPF,Western Equatoria,Nagero,12795.0,2018,1,Stressed,0.0,1121.0,-475.0,0
ID_AWXD0D,Western Equatoria,Nagero,12795.0,2018,2,Stressed,7.8,1121.0,-475.0,0
ID_L7U1P8,Western Equatoria,Nagero,12795.0,2018,5,Stressed,15.6,1121.0,-475.0,0
ID_OTXOUS,Western Equatoria,Nagero,14334.0,2018,9,Stressed,15.6,1121.0,-475.0,1
ID_HFRRCV,Western Equatoria,Nagero,14334.0,2018,10,Emergency,69.8,1121.0,-475.0,1
ID_1EXYB8,Western Equatoria,Nagero,14875.0,2019,1,Crisis,41.9,1246.0,-665.0,1
ID_Z8TRTM,Western Equatoria,Nagero,22072.0,2019,8,Crisis,26.9,1246.0,-665.0,1
ID_477Y6Z,Western Equatoria,Nagero,22072.0,2019,9,Crisis,27.2,1246.0,-665.0,1
ID_LED1LG,Western Equatoria,Nagero,22072.0,2020,1,Crisis,22.7,1580.0,-642.0,1
ID_8Y2WGE,Western Equatoria,Nagero,22278.0,2020,1,Crisis,36.2,1580.0,-642.0,0
ID_BEC41R,Western Equatoria,Nagero,22072.0,2020,2,Stressed,9.0,1580.0,-642.0,1
ID_N9UQ7R,Western Equatoria,Nagero,22072.0,2020,5,Crisis,40.8,1580.0,-642.0,1
ID_ZAPUOL,Western Equatoria,Nagero,38755.0,2022,2,Crisis,45.3,1300.0,-1057.0,1
ID_XPOUV7,Western Equatoria,Nagero,38755.0,2022,4,Emergency,61.9,1300.0,-1057.0,1
ID_5D3NMY,Western Equatoria,Nagero,61561.0,2022,10,Emergency,69.7,1300.0,-1057.0,1
ID_B4BOMZ,Western Equatoria,Nagero,61561.0,2022,12,Crisis,39.0,1300.0,-1057.0,1
ID_QB09UW,Western Equatoria,Nagero,61561.0,2023,4,Crisis,24.4,1411.0,-1017.0,1
ID_8PDWXE,Western Equatoria,Nagero,26738.0,2023,9,Crisis,55.2,1411.0,-1017.0,1
ID_ZIHZVZ,Western Equatoria,Nagero,26738.0,2023,12,Crisis,37.4,1411.0,-1017.0,1
ID_GMFFOH,Western Equatoria,Nagero,26738.0,2024,4,Crisis,56.1,3017.0,-976.0,1
ID_K94W6W,Western Equatoria,Nagero,61561.0,2024,9,Crisis,59.8,3017.0,-976.0,1
ID_UUMO7O,Western Equatoria,Nagero,13385.0,2024,12,Crisis,39.0,3017.0,-976.0,1
ID_PKLJ67,Western Equatoria,Nagero,13592.0,2025,4,Crisis,29.9,7159.0,-2035.0,1
ID_0LJC6W,Western Equatoria,Nzara,73802.0,2014,10,Minimal,0.0,27914.18421052632,17582.026315789473,0
ID_O7V1IZ,Western Equatoria,Nzara,75151.0,2015,1,Minimal,0.0,27914.18421052632,17582.026315789473,0
ID_4JQI55,Western Equatoria,Nzara,75151.0,2015,4,Minimal,0.0,27914.18421052632,17582.026315789473,0
ID_JSYXUF,Western Equatoria,Nzara,75151.0,2015,5,Minimal,0.0,27914.18421052632,17582.026315789473,0
ID_BLPVR7,Western Equatoria,Nzara,75151.0,2015,8,Minimal,0.0,27914.18421052632,17582.026315789473,0
ID_9YT1S4,Western Equatoria,Nzara,75151.0,2015,10,Stressed,0.0,27914.18421052632,17582.026315789473,0
ID_JIDA6U,Western Equatoria,Nzara,76499.0,2016,1,Minimal,0.0,25767.0,14786.0,0
ID_EYERBL,Western Equatoria,Nzara,76499.0,2016,4,Minimal,0.0,25767.0,14786.0,1
ID_6SGW2N,Western Equatoria,Nzara,76499.0,2016,5,Crisis,19.6,25767.0,14786.0,0
ID_RV4EIB,Western Equatoria,Nzara,76499.0,2016,8,Stressed,14.4,25767.0,14786.0,0
ID_KPK7FV,Western Equatoria,Nzara,76499.0,2016,10,Minimal,0.0,25767.0,14786.0,0
ID_U3F0ME,Western Equatoria,Nzara,67640.0,2017,1,Minimal,0.0,22129.0,10704.0,0
ID_E0Q45T,Western Equatoria,Nzara,67640.0,2017,2,Minimal,0.0,22129.0,10704.0,0
ID_VGUW48,Western Equatoria,Nzara,77848.0,2017,5,Stressed,0.0,22129.0,10704.0,0
ID_TP37V7,Western Equatoria,Nzara,77848.0,2017,6,Stressed,0.0,22129.0,10704.0,0
ID_JMKJLN,Western Equatoria,Nzara,54467.0,2017,9,Stressed,0.0,22129.0,10704.0,1
ID_DITN5K,Western Equatoria,Nzara,54467.0,2017,10,Crisis,25.7,22129.0,10704.0,0
ID_G3FYE4,Western Equatoria,Nzara,59255.0,2018,1,Stressed,14.7,20604.0,12469.0,0
ID_HQGOXA,Western Equatoria,Nzara,59255.0,2018,2,Stressed,10.1,20604.0,12469.0,0
ID_IQUSY2,Western Equatoria,Nzara,59255.0,2018,5,Stressed,10.1,20604.0,12469.0,0
ID_O33B29,Western Equatoria,Nzara,59255.0,2018,9,Stressed,15.2,20604.0,12469.0,0
ID_XZ6UK1,Western Equatoria,Nzara,59255.0,2018,10,Stressed,5.1,20604.0,12469.0,0
ID_8F2DXR,Western Equatoria,Nzara,61489.0,2019,1,Stressed,5.1,19513.0,10663.0,0
ID_6CJ9K4,Western Equatoria,Nzara,81075.0,2019,8,Minimal,0.0,19513.0,10663.0,1
ID_CI248F,Western Equatoria,Nzara,81075.0,2019,9,Crisis,29.6,19513.0,10663.0,0
ID_3VKOG1,Western Equatoria,Nzara,81075.0,2020,1,Stressed,14.8,24714.0,15531.0,0
ID_011HE9,Western Equatoria,Nzara,82423.0,2020,1,Stressed,9.9,24714.0,15531.0,0
ID_WIEEO9,Western Equatoria,Nzara,81075.0,2020,2,Stressed,9.7,24714.0,15531.0,0
ID_H5IHJQ,Western Equatoria,Nzara,81075.0,2020,5,Stressed,14.8,24714.0,15531.0,0
ID_CYYPQ7,Western Equatoria,Nzara,83600.0,2022,2,Stressed,4.9,27954.0,18211.0,0
ID_A4FRV1,Western Equatoria,Nzara,83600.0,2022,4,Stressed,14.4,27954.0,18211.0,0
ID_L6CKNC,Western Equatoria,Nzara,83759.0,2022,10,Stressed,9.6,27954.0,18211.0,0
ID_7GIU13,Western Equatoria,Nzara,83759.0,2022,12,Minimal,4.8,27954.0,18211.0,0
ID_GBJ72B,Western Equatoria,Nzara,83759.0,2023,4,Minimal,4.8,31154.0,21119.0,0
ID_TQ8232,Western Equatoria,Nzara,69044.0,2023,9,Stressed,9.6,31154.0,21119.0,0
ID_7AQFF2,Western Equatoria,Nzara,69044.0,2023,12,Stressed,0.0,31154.0,21119.0,0
ID_K5C3Z6,Western Equatoria,Nzara,69044.0,2024,4,Stressed,0.0,34012.0,23700.0,0
ID_J5Q1D7,Western Equatoria,Nzara,86272.0,2024,9,Stressed,0.0,34012.0,23700.0,0
ID_XYLJD2,Western Equatoria,Nzara,87287.0,2024,12,Stressed,10.4,34012.0,23700.0,0
ID_V57BMT,Western Equatoria,Nzara,88635.0,2025,4,Stressed,4.6,44735.0,31850.0,0
ID_T7FYWM,Western Equatoria,Tambura,72235.0,2014,10,Minimal,0.0,19918.42105263158,7802.342105263157,0
ID_5CFV2V,Western Equatoria,Tambura,73555.0,2015,1,Minimal,0.0,19918.42105263158,7802.342105263157,0
ID_YN1KJS,Western Equatoria,Tambura,73555.0,2015,4,Minimal,0.0,19918.42105263158,7802.342105263157,0
ID_08RWQ1,Western Equatoria,Tambura,73555.0,2015,5,Minimal,0.0,19918.42105263158,7802.342105263157,0
ID_CGEDBT,Western Equatoria,Tambura,73555.0,2015,8,Minimal,0.0,19918.42105263158,7802.342105263157,0
ID_8BZ9T3,Western Equatoria,Tambura,73555.0,2015,10,Stressed,5.4,19918.42105263158,7802.342105263157,0
ID_0B69C4,Western Equatoria,Tambura,74874.0,2016,1,Minimal,0.0,22170.0,11664.0,0
ID_5RY27V,Western Equatoria,Tambura,74874.0,2016,4,Minimal,0.0,22170.0,11664.0,0
ID_MVWJMV,Western Equatoria,Tambura,74874.0,2016,5,Stressed,14.7,22170.0,11664.0,0
ID_06DDG6,Western Equatoria,Tambura,74874.0,2016,8,Stressed,14.7,22170.0,11664.0,0
ID_80IUGA,Western Equatoria,Tambura,74874.0,2016,10,Stressed,9.3,22170.0,11664.0,0
ID_4FEGYY,Western Equatoria,Tambura,66203.0,2017,1,Minimal,0.0,24130.0,12695.0,0
ID_J5N860,Western Equatoria,Tambura,66203.0,2017,2,Minimal,7.6,24130.0,12695.0,0
ID_ATH9KP,Western Equatoria,Tambura,76194.0,2017,5,Stressed,10.6,24130.0,12695.0,0
ID_6ASSSU,Western Equatoria,Tambura,76194.0,2017,6,Stressed,15.7,24130.0,12695.0,0
ID_LJAF4W,Western Equatoria,Tambura,72161.0,2017,9,Stressed,5.2,24130.0,12695.0,0
ID_NSMW5G,Western Equatoria,Tambura,72161.0,2017,10,Stressed,15.2,24130.0,12695.0,0
ID_YRW6OW,Western Equatoria,Tambura,74326.0,2018,1,Stressed,9.7,24492.0,13715.0,0
ID_H8VLIG,Western Equatoria,Tambura,74326.0,2018,2,Stressed,9.4,24492.0,13715.0,0
ID_7R2FMF,Western Equatoria,Tambura,74326.0,2018,5,Stressed,14.8,24492.0,13715.0,0
ID_P5MD3E,Western Equatoria,Tambura,74326.0,2018,9,Stressed,14.8,24492.0,13715.0,0
ID_XU7FKC,Western Equatoria,Tambura,74326.0,2018,10,Stressed,9.4,24492.0,13715.0,0
ID_781HFL,Western Equatoria,Tambura,77128.0,2019,1,Stressed,5.4,25098.0,13997.0,0
ID_1ZOPQZ,Western Equatoria,Tambura,110431.0,2019,8,Minimal,5.2,25098.0,13997.0,0
ID_FO30X8,Western Equatoria,Tambura,110431.0,2019,9,Stressed,15.4,25098.0,13997.0,0
ID_BNMJSX,Western Equatoria,Tambura,110431.0,2020,1,Stressed,5.4,30051.0,18532.0,0
ID_TDHDX1,Western Equatoria,Tambura,111567.0,2020,1,Stressed,15.4,30051.0,18532.0,0
ID_BJT4ZF,Western Equatoria,Tambura,110431.0,2020,2,Stressed,5.4,30051.0,18532.0,1
ID_3D4D32,Western Equatoria,Tambura,110431.0,2020,5,Crisis,25.4,30051.0,18532.0,0
ID_NKX5ZT,Western Equatoria,Tambura,119107.0,2022,2,Stressed,5.4,8817.0,-3404.0,1
ID_5TT9KA,Western Equatoria,Tambura,119107.0,2022,4,Emergency,85.6,8817.0,-3404.0,1
ID_1DLUCL,Western Equatoria,Tambura,119333.0,2022,10,Emergency,90.7,8817.0,-3404.0,1
ID_LE4A2G,Western Equatoria,Tambura,119333.0,2022,12,Crisis,40.2,8817.0,-3404.0,1
ID_76RWR3,Western Equatoria,Tambura,119333.0,2023,4,Crisis,30.2,13622.0,1035.0,1
ID_S18WK5,Western Equatoria,Tambura,59089.0,2023,9,Crisis,65.4,13622.0,1035.0,0
ID_01EPEK,Western Equatoria,Tambura,59089.0,2023,12,Stressed,15.2,13622.0,1035.0,0
ID_GVZPFC,Western Equatoria,Tambura,59089.0,2024,4,Stressed,10.2,14189.0,5364.0,1
ID_GLCKWT,Western Equatoria,Tambura,122913.0,2024,9,Crisis,20.3,14189.0,5364.0,1
ID_2E077U,Western Equatoria,Tambura,73542.0,2024,12,Crisis,30.1,14189.0,5364.0,1
ID_55D5Q3,Western Equatoria,Tambura,74679.0,2025,4,Crisis,20.4,13835.0,-4522.0,1
ID_OV9JYD,Western Equatoria,Yambio,186590.0,2014,10,Minimal,0.0,34602.47368421053,5823.0,0
ID_FZDTC5,Western Equatoria,Yambio,189998.0,2015,1,Minimal,0.0,34602.47368421053,5823.0,0
ID_PAYGAA,Western Equatoria,Yambio,189998.0,2015,4,Minimal,0.0,34602.47368421053,5823.0,0
ID_70TGO5,Western Equatoria,Yambio,189998.0,2015,5,Minimal,3.7,34602.47368421053,5823.0,0
ID_AWLGIT,Western Equatoria,Yambio,189998.0,2015,8,Minimal,0.0,34602.47368421053,5823.0,0
ID_IZ7TFP,Western Equatoria,Yambio,189998.0,2015,10,Stressed,0.0,34602.47368421053,5823.0,0
ID_3G21CQ,Western Equatoria,Yambio,193408.0,2016,1,Minimal,0.0,34483.0,6161.0,0
ID_TP3174,Western Equatoria,Yambio,193408.0,2016,4,Minimal,0.0,34483.0,6161.0,0
ID_GU65S6,Western Equatoria,Yambio,193408.0,2016,5,Stressed,15.0,34483.0,6161.0,0
ID_Y5H3O0,Western Equatoria,Yambio,193408.0,2016,8,Stressed,15.0,34483.0,6161.0,1
ID_SW5861,Western Equatoria,Yambio,193408.0,2016,10,Crisis,20.2,34483.0,6161.0,0
ID_1GQIT8,Western Equatoria,Yambio,171009.0,2017,1,Stressed,7.8,23194.0,-7580.0,0
ID_D9GX2H,Western Equatoria,Yambio,171009.0,2017,2,Stressed,15.2,23194.0,-7580.0,0
ID_IVDTS8,Western Equatoria,Yambio,196817.0,2017,5,Stressed,15.2,23194.0,-7580.0,1
ID_MG00CR,Western Equatoria,Yambio,196817.0,2017,6,Crisis,30.0,23194.0,-7580.0,1
ID_Z17A8R,Western Equatoria,Yambio,188242.0,2017,9,Crisis,30.0,23194.0,-7580.0,0
ID_NXPWNU,Western Equatoria,Yambio,188242.0,2017,10,Stressed,14.9,23194.0,-7580.0,0
ID_A6TDXJ,Western Equatoria,Yambio,193890.0,2018,1,Stressed,10.1,24205.0,-3909.0,1
ID_1WQQOQ,Western Equatoria,Yambio,193890.0,2018,2,Crisis,20.1,24205.0,-3909.0,1
ID_SD8P4X,Western Equatoria,Yambio,193890.0,2018,5,Crisis,29.9,24205.0,-3909.0,1
ID_TKXGY9,Western Equatoria,Yambio,193890.0,2018,9,Crisis,24.8,24205.0,-3909.0,1
ID_3FON8O,Western Equatoria,Yambio,193890.0,2018,10,Crisis,40.2,24205.0,-3909.0,0
ID_NG5UDL,Western Equatoria,Yambio,201199.0,2019,1,Stressed,15.0,25183.0,-3774.0,0
ID_HWV6FL,Western Equatoria,Yambio,158961.0,2019,8,Stressed,9.9,25183.0,-3774.0,1
ID_VYWAPK,Western Equatoria,Yambio,158961.0,2019,9,Crisis,40.3,25183.0,-3774.0,0
ID_E5AJR1,Western Equatoria,Yambio,158961.0,2020,1,Stressed,15.1,35460.0,5411.0,1
ID_OV9CPW,Western Equatoria,Yambio,162086.0,2020,1,Crisis,20.1,35460.0,5411.0,0
ID_RUTVLY,Western Equatoria,Yambio,158961.0,2020,2,Stressed,14.8,35460.0,5411.0,1
ID_JMWUOC,Western Equatoria,Yambio,158961.0,2020,5,Crisis,20.1,35460.0,5411.0,0
ID_S224EQ,Western Equatoria,Yambio,168538.0,2022,2,Stressed,10.1,43608.0,11729.0,1
ID_KQ7MOU,Western Equatoria,Yambio,168538.0,2022,4,Crisis,24.9,43608.0,11729.0,1
ID_3DN1TJ,Western Equatoria,Yambio,168858.0,2022,10,Crisis,30.3,43608.0,11729.0,0
ID_L2FX35,Western Equatoria,Yambio,168858.0,2022,12,Stressed,14.8,43608.0,11729.0,0
ID_LG49FF,Western Equatoria,Yambio,168858.0,2023,4,Stressed,14.8,47563.0,14728.0,1
ID_QOKVC4,Western Equatoria,Yambio,138976.0,2023,9,Crisis,24.9,47563.0,14728.0,0
ID_GTJS1A,Western Equatoria,Yambio,138976.0,2023,12,Stressed,10.1,47563.0,14728.0,0
ID_5UGXBR,Western Equatoria,Yambio,138976.0,2024,4,Stressed,5.0,33086.0,12330.0,0
ID_YTIVR4,Western Equatoria,Yambio,173924.0,2024,9,Stressed,10.1,33086.0,12330.0,0
ID_0DM9IF,Western Equatoria,Yambio,202246.0,2024,12,Stressed,14.9,33086.0,12330.0,0
ID_826BHY,Western Equatoria,Yambio,205370.0,2025,4,Stressed,9.9,47302.0,21326.0,0
